"date","state","positive"
2020-03-02,Московская область,1
2020-03-03,Московская область,1
2020-03-04,Московская область,1
2020-03-05,Московская область,1
2020-03-06,Москва,5
2020-03-06,Московская область,1
2020-03-06,Нижегородская область,1
2020-03-07,Москва,5
2020-03-07,Липецкая область,3
2020-03-07,Нижегородская область,1
2020-03-07,Московская область,1
2020-03-07,Санкт-Петербург,1
2020-03-08,Калининградская область,1
2020-03-08,Липецкая область,3
2020-03-08,Москва,5
2020-03-08,Нижегородская область,1
2020-03-08,Белгородская область,1
2020-03-08,Московская область,2
2020-03-08,Санкт-Петербург,1
2020-03-09,Москва,8
2020-03-09,Липецкая область,3
2020-03-09,Нижегородская область,1
2020-03-09,Калининградская область,1
2020-03-09,Белгородская область,1
2020-03-09,Московская область,2
2020-03-09,Санкт-Петербург,1
2020-03-10,Липецкая область,3
2020-03-10,Нижегородская область,1
2020-03-10,Белгородская область,1
2020-03-10,Московская область,2
2020-03-10,Москва,11
2020-03-10,Санкт-Петербург,1
2020-03-10,Калининградская область,1
2020-03-11,Калининградская область,1
2020-03-11,Московская область,4
2020-03-11,Санкт-Петербург,1
2020-03-11,Липецкая область,3
2020-03-11,Нижегородская область,1
2020-03-11,Москва,17
2020-03-11,Белгородская область,1
2020-03-12,Московская область,4
2020-03-12,Санкт-Петербург,1
2020-03-12,Москва,21
2020-03-12,Краснодарский край,1
2020-03-12,Калининградская область,2
2020-03-12,Липецкая область,3
2020-03-12,Нижегородская область,1
2020-03-12,Белгородская область,1
2020-03-13,Нижегородская область,1
2020-03-13,Белгородская область,1
2020-03-13,Пермский край,1
2020-03-13,Московская область,5
2020-03-13,Санкт-Петербург,4
2020-03-13,Ленинградская область,1
2020-03-13,Краснодарский край,1
2020-03-13,Липецкая область,3
2020-03-13,Калининградская область,2
2020-03-13,Москва,26
2020-03-14,Нижегородская область,1
2020-03-14,Белгородская область,1
2020-03-14,Московская область,6
2020-03-14,Пермский край,1
2020-03-14,Кемеровская область (Кузбасс),2
2020-03-14,Калининградская область,3
2020-03-14,Москва,35
2020-03-14,Ленинградская область,1
2020-03-14,Санкт-Петербург,5
2020-03-14,Липецкая область,3
2020-03-14,Краснодарский край,1
2020-03-15,Ленинградская область,1
2020-03-15,Кемеровская область (Кузбасс),2
2020-03-15,Нижегородская область,1
2020-03-15,Калининградская область,3
2020-03-15,Липецкая область,3
2020-03-15,Белгородская область,1
2020-03-15,Краснодарский край,1
2020-03-15,Санкт-Петербург,5
2020-03-15,Москва,35
2020-03-15,Пермский край,1
2020-03-15,Московская область,9
2020-03-15,Тюменская область,1
2020-03-16,Ленинградская область,1
2020-03-16,Нижегородская область,1
2020-03-16,Москва,53
2020-03-16,Белгородская область,1
2020-03-16,Краснодарский край,1
2020-03-16,Республика Коми,1
2020-03-16,Липецкая область,3
2020-03-16,Кировская область,1
2020-03-16,Санкт-Петербург,8
2020-03-16,Забайкальский край,1
2020-03-16,Кемеровская область (Кузбасс),2
2020-03-16,Пермский край,2
2020-03-16,Тюменская область,2
2020-03-16,Калининградская область,3
2020-03-16,Самарская область,3
2020-03-16,Московская область,10
2020-03-17,Республика Татарстан,1
2020-03-17,Калужская область,1
2020-03-17,Красноярский край,1
2020-03-17,Краснодарский край,1
2020-03-17,Тверская область,2
2020-03-17,Липецкая область,3
2020-03-17,Республика Коми,1
2020-03-17,Свердловская область,1
2020-03-17,Кемеровская область (Кузбасс),2
2020-03-17,Санкт-Петербург,9
2020-03-17,Пензенская область,1
2020-03-17,Кировская область,1
2020-03-17,Нижегородская область,2
2020-03-17,Тамбовская область,1
2020-03-17,Белгородская область,1
2020-03-17,Калининградская область,5
2020-03-17,Самарская область,5
2020-03-17,Архангельская область,1
2020-03-17,Москва,55
2020-03-17,Тюменская область,2
2020-03-17,Московская область,12
2020-03-17,Забайкальский край,1
2020-03-17,Ярославская область,1
2020-03-17,Пермский край,2
2020-03-17,Ленинградская область,1
2020-03-17,Республика Хакасия,1
2020-03-18,Новосибирская область,1
2020-03-18,Республика Татарстан,1
2020-03-18,Калужская область,1
2020-03-18,Красноярский край,1
2020-03-18,Калининградская область,5
2020-03-18,Республика Коми,1
2020-03-18,Москва,86
2020-03-18,Томская область,1
2020-03-18,Липецкая область,3
2020-03-18,Свердловская область,1
2020-03-18,Краснодарский край,1
2020-03-18,Тверская область,2
2020-03-18,Нижегородская область,2
2020-03-18,Пензенская область,1
2020-03-18,Кировская область,1
2020-03-18,Санкт-Петербург,9
2020-03-18,Белгородская область,1
2020-03-18,Тамбовская область,1
2020-03-18,Архангельская область,1
2020-03-18,Московская область,12
2020-03-18,Тюменская область,2
2020-03-18,Самарская область,5
2020-03-18,Республика Хакасия,1
2020-03-18,Ленинградская область,1
2020-03-18,Ярославская область,1
2020-03-18,Кемеровская область (Кузбасс),2
2020-03-18,Пермский край,2
2020-03-18,Забайкальский край,1
2020-03-19,Кировская область,3
2020-03-19,Пензенская область,1
2020-03-19,Санкт-Петербург,10
2020-03-19,Нижегородская область,3
2020-03-19,Мурманская область,1
2020-03-19,Москва,98
2020-03-19,Тульская область,3
2020-03-19,Кемеровская область (Кузбасс),2
2020-03-19,Тамбовская область,3
2020-03-19,Белгородская область,1
2020-03-19,Московская область,17
2020-03-19,Рязанская область,1
2020-03-19,Оренбургская область,1
2020-03-19,Тюменская область,2
2020-03-19,Самарская область,5
2020-03-19,Архангельская область,1
2020-03-19,Республика Хакасия,1
2020-03-19,Воронежская область,2
2020-03-19,Забайкальский край,1
2020-03-19,Ленинградская область,1
2020-03-19,Республика Саха (Якутия),1
2020-03-19,Ярославская область,1
2020-03-19,Ивановская область,1
2020-03-19,Красноярский край,4
2020-03-19,Новосибирская область,2
2020-03-19,Калужская область,1
2020-03-19,Республика Татарстан,1
2020-03-19,Чувашская Республика,1
2020-03-19,Саратовская область,1
2020-03-19,Республика Коми,1
2020-03-19,Томская область,1
2020-03-19,Липецкая область,3
2020-03-19,Хабаровский край,3
2020-03-19,Свердловская область,6
2020-03-19,Краснодарский край,3
2020-03-19,Тверская область,3
2020-03-19,Калининградская область,5
2020-03-19,Ханты-Мансийский автономный округ - Югра,1
2020-03-19,Пермский край,3
2020-03-20,Тульская область,3
2020-03-20,Мурманская область,1
2020-03-20,Санкт-Петербург,14
2020-03-20,Кировская область,5
2020-03-20,Пензенская область,1
2020-03-20,Нижегородская область,3
2020-03-20,Тамбовская область,3
2020-03-20,Белгородская область,1
2020-03-20,Самарская область,9
2020-03-20,Тюменская область,3
2020-03-20,Архангельская область,1
2020-03-20,Рязанская область,1
2020-03-20,Оренбургская область,1
2020-03-20,Московская область,18
2020-03-20,Забайкальский край,1
2020-03-20,Ярославская область,1
2020-03-20,Республика Хакасия,1
2020-03-20,Ленинградская область,1
2020-03-20,Калининградская область,5
2020-03-20,Воронежская область,2
2020-03-20,Красноярский край,4
2020-03-20,Калужская область,1
2020-03-20,Ивановская область,1
2020-03-20,Республика Татарстан,1
2020-03-20,Новосибирская область,4
2020-03-20,Москва,131
2020-03-20,Чувашская Республика,1
2020-03-20,Саратовская область,1
2020-03-20,Кемеровская область (Кузбасс),2
2020-03-20,Ханты-Мансийский автономный округ - Югра,1
2020-03-20,Свердловская область,6
2020-03-20,Краснодарский край,3
2020-03-20,Тверская область,3
2020-03-20,Ульяновская область,1
2020-03-20,Томская область,1
2020-03-20,Хабаровский край,3
2020-03-20,Липецкая область,3
2020-03-20,Республика Коми,1
2020-03-20,Республика Саха (Якутия),7
2020-03-20,Пермский край,3
2020-03-21,Тамбовская область,3
2020-03-21,Свердловская область,9
2020-03-21,Ульяновская область,1
2020-03-21,Кемеровская область (Кузбасс),2
2020-03-21,Челябинская область,1
2020-03-21,Москва,137
2020-03-21,Мурманская область,1
2020-03-21,Тульская область,5
2020-03-21,Пензенская область,1
2020-03-21,Кабардино-Балкарская Республика,2
2020-03-21,Кировская область,5
2020-03-21,Санкт-Петербург,16
2020-03-21,Калининградская область,7
2020-03-21,Забайкальский край,1
2020-03-21,Республика Хакасия,1
2020-03-21,Республика Татарстан,6
2020-03-21,Новосибирская область,4
2020-03-21,Тюменская область,3
2020-03-21,Чувашская Республика,1
2020-03-21,Самарская область,9
2020-03-21,Ханты-Мансийский автономный округ - Югра,2
2020-03-21,Саратовская область,1
2020-03-21,Рязанская область,2
2020-03-21,Московская область,35
2020-03-21,Республика Крым,1
2020-03-21,Оренбургская область,1
2020-03-21,Архангельская область,1
2020-03-21,Калужская область,1
2020-03-21,Красноярский край,5
2020-03-21,Ивановская область,1
2020-03-21,Республика Саха (Якутия),7
2020-03-21,Воронежская область,2
2020-03-21,Ярославская область,1
2020-03-21,Ленинградская область,1
2020-03-21,Нижегородская область,7
2020-03-21,Ставропольский край,1
2020-03-21,Курганская область,1
2020-03-21,Тверская область,3
2020-03-21,Краснодарский край,5
2020-03-21,Белгородская область,1
2020-03-21,Республика Коми,1
2020-03-21,Пермский край,3
2020-03-21,Хабаровский край,4
2020-03-21,Липецкая область,3
2020-03-21,Томская область,1
2020-03-22,Свердловская область,9
2020-03-22,Челябинская область,1
2020-03-22,Тамбовская область,3
2020-03-22,Ульяновская область,1
2020-03-22,Ханты-Мансийский автономный округ - Югра,2
2020-03-22,Санкт-Петербург,16
2020-03-22,Пензенская область,1
2020-03-22,Кировская область,7
2020-03-22,Тульская область,5
2020-03-22,Республика Саха (Якутия),7
2020-03-22,Мурманская область,1
2020-03-22,Кабардино-Балкарская Республика,2
2020-03-22,Республика Хакасия,1
2020-03-22,Забайкальский край,1
2020-03-22,Новосибирская область,4
2020-03-22,Республика Татарстан,6
2020-03-22,Брянская область,1
2020-03-22,Московская область,35
2020-03-22,Рязанская область,2
2020-03-22,Чувашская Республика,1
2020-03-22,Самарская область,9
2020-03-22,Тюменская область,3
2020-03-22,Новгородская область,1
2020-03-22,Саратовская область,1
2020-03-22,Кемеровская область (Кузбасс),2
2020-03-22,Республика Крым,1
2020-03-22,Архангельская область,2
2020-03-22,Оренбургская область,1
2020-03-22,Москва,191
2020-03-22,Удмуртская Республика,2
2020-03-22,Калининградская область,7
2020-03-22,Ленинградская область,1
2020-03-22,Ярославская область,1
2020-03-22,Ивановская область,1
2020-03-22,Калужская область,1
2020-03-22,Красноярский край,5
2020-03-22,Воронежская область,2
2020-03-22,Нижегородская область,7
2020-03-22,Липецкая область,3
2020-03-22,Хабаровский край,4
2020-03-22,Томская область,1
2020-03-22,Республика Коми,1
2020-03-22,Ставропольский край,1
2020-03-22,Тверская область,3
2020-03-22,Краснодарский край,5
2020-03-22,Белгородская область,1
2020-03-22,Пермский край,3
2020-03-22,Курганская область,1
2020-03-23,Пермский край,3
2020-03-23,Ульяновская область,1
2020-03-23,Тверская область,3
2020-03-23,Краснодарский край,5
2020-03-23,Челябинская область,1
2020-03-23,Курганская область,1
2020-03-23,Республика Коми,1
2020-03-23,Липецкая область,3
2020-03-23,Хабаровский край,4
2020-03-23,Томская область,1
2020-03-23,Свердловская область,9
2020-03-23,Кабардино-Балкарская Республика,2
2020-03-23,Республика Крым,1
2020-03-23,Новгородская область,1
2020-03-23,Калининградская область,7
2020-03-23,Саратовская область,1
2020-03-23,Чувашская Республика,1
2020-03-23,Ивановская область,1
2020-03-23,Новосибирская область,4
2020-03-23,Республика Татарстан,6
2020-03-23,Красноярский край,5
2020-03-23,Калужская область,1
2020-03-23,Воронежская область,2
2020-03-23,Забайкальский край,1
2020-03-23,Кемеровская область (Кузбасс),2
2020-03-23,Ленинградская область,1
2020-03-23,Ярославская область,1
2020-03-23,Брянская область,1
2020-03-23,Республика Хакасия,1
2020-03-23,Удмуртская Республика,2
2020-03-23,Оренбургская область,1
2020-03-23,Тюменская область,3
2020-03-23,Архангельская область,2
2020-03-23,Самарская область,9
2020-03-23,Московская область,35
2020-03-23,Ханты-Мансийский автономный округ - Югра,2
2020-03-23,Москва,262
2020-03-23,Рязанская область,2
2020-03-23,Тамбовская область,3
2020-03-23,Республика Саха (Якутия),7
2020-03-23,Белгородская область,1
2020-03-23,Ставропольский край,1
2020-03-23,Кировская область,7
2020-03-23,Пензенская область,1
2020-03-23,Санкт-Петербург,16
2020-03-23,Мурманская область,1
2020-03-23,Нижегородская область,7
2020-03-23,Тульская область,5
2020-03-24,Магаданская область,0
2020-03-24,Республика Тыва,0
2020-03-24,Амурская область,0
2020-03-24,Волгоградская область,1
2020-03-24,Республика Марий Эл,0
2020-03-24,Пермский край,3
2020-03-24,Кемеровская область (Кузбасс),2
2020-03-24,Республика Бурятия,0
2020-03-24,Иркутская область,0
2020-03-24,Республика Башкортостан,3
2020-03-24,Челябинская область,1
2020-03-24,Хабаровский край,4
2020-03-24,Липецкая область,5
2020-03-24,Ульяновская область,1
2020-03-24,Томская область,1
2020-03-24,Республика Коми,1
2020-03-24,Смоленская область,0
2020-03-24,Курганская область,1
2020-03-24,Москва,290
2020-03-24,Свердловская область,13
2020-03-24,Тверская область,3
2020-03-24,Краснодарский край,5
2020-03-24,Орловская область,2
2020-03-24,Курская область,0
2020-03-24,Республика Северная Осетия — Алания,0
2020-03-24,Республика Саха (Якутия),7
2020-03-24,Саратовская область,1
2020-03-24,Новгородская область,1
2020-03-24,Псковская область,0
2020-03-24,Кабардино-Балкарская Республика,2
2020-03-24,Севастополь,0
2020-03-24,Чувашская Республика,1
2020-03-24,Республика Крым,1
2020-03-24,Республика Татарстан,7
2020-03-24,Новосибирская область,4
2020-03-24,Красноярский край,5
2020-03-24,Калужская область,2
2020-03-24,Приморский край,2
2020-03-24,Астраханская область,0
2020-03-24,Ямало-Ненецкий автономный округ,0
2020-03-24,Ивановская область,1
2020-03-24,Республика Адыгея,0
2020-03-24,Ярославская область,1
2020-03-24,Республика Хакасия,1
2020-03-24,Костромская область,0
2020-03-24,Ленинградская область,3
2020-03-24,Республика Калмыкия,0
2020-03-24,Воронежская область,6
2020-03-24,Чеченская Республика,1
2020-03-24,Республика Ингушетия,0
2020-03-24,Брянская область,1
2020-03-24,Ненецкий автономный округ,0
2020-03-24,Удмуртская Республика,2
2020-03-24,Забайкальский край,1
2020-03-24,Чукотский автономный округ,0
2020-03-24,Омская область,0
2020-03-24,Рязанская область,2
2020-03-24,Архангельская область,2
2020-03-24,Сахалинская область,0
2020-03-24,Оренбургская область,1
2020-03-24,Московская область,35
2020-03-24,Самарская область,10
2020-03-24,Республика Карелия,0
2020-03-24,Тюменская область,3
2020-03-24,Алтайский край,0
2020-03-24,Республика Дагестан,0
2020-03-24,Белгородская область,1
2020-03-24,Республика Мордовия,0
2020-03-24,Камчатский край,0
2020-03-24,Калининградская область,7
2020-03-24,Ростовская область,0
2020-03-24,Владимирская область,0
2020-03-24,Ставропольский край,1
2020-03-24,Тамбовская область,3
2020-03-24,Нижегородская область,7
2020-03-24,Республика Алтай,0
2020-03-24,Еврейская автономная область,0
2020-03-24,Карачаево-Черкесская Республика,0
2020-03-24,Тульская область,5
2020-03-24,Вологодская область,0
2020-03-24,Мурманская область,1
2020-03-24,Санкт-Петербург,21
2020-03-24,Ханты-Мансийский автономный округ - Югра,2
2020-03-24,Кировская область,7
2020-03-24,Пензенская область,1
2020-03-25,Владимирская область,0
2020-03-25,Республика Саха (Якутия),10
2020-03-25,Республика Мордовия,0
2020-03-25,Республика Коми,3
2020-03-25,Республика Дагестан,0
2020-03-25,Белгородская область,1
2020-03-25,Томская область,1
2020-03-25,Хабаровский край,4
2020-03-25,Липецкая область,5
2020-03-25,Ставропольский край,2
2020-03-25,Курганская область,1
2020-03-25,Смоленская область,0
2020-03-25,Краснодарский край,9
2020-03-25,Орловская область,2
2020-03-25,Пермский край,5
2020-03-25,Тверская область,3
2020-03-25,Амурская область,0
2020-03-25,Республика Тыва,0
2020-03-25,Ханты-Мансийский автономный округ - Югра,2
2020-03-25,Нижегородская область,8
2020-03-25,Иркутская область,0
2020-03-25,Республика Бурятия,0
2020-03-25,Вологодская область,0
2020-03-25,Республика Калмыкия,0
2020-03-25,Карачаево-Черкесская Республика,0
2020-03-25,Республика Ингушетия,0
2020-03-25,Воронежская область,6
2020-03-25,Чеченская Республика,1
2020-03-25,Ярославская область,1
2020-03-25,Костромская область,0
2020-03-25,Ленинградская область,3
2020-03-25,Приморский край,2
2020-03-25,Калужская область,2
2020-03-25,Красноярский край,5
2020-03-25,Республика Адыгея,0
2020-03-25,Севастополь,0
2020-03-25,Ивановская область,1
2020-03-25,Еврейская автономная область,0
2020-03-25,Удмуртская Республика,2
2020-03-25,Республика Башкортостан,4
2020-03-25,Сахалинская область,0
2020-03-25,Оренбургская область,4
2020-03-25,Курская область,0
2020-03-25,Архангельская область,3
2020-03-25,Псковская область,4
2020-03-25,Республика Крым,7
2020-03-25,Новгородская область,1
2020-03-25,Саратовская область,1
2020-03-25,Рязанская область,2
2020-03-25,Московская область,41
2020-03-25,Калининградская область,8
2020-03-25,Тюменская область,3
2020-03-25,Республика Карелия,0
2020-03-25,Чувашская Республика,1
2020-03-25,Самарская область,10
2020-03-25,Республика Хакасия,1
2020-03-25,Республика Татарстан,7
2020-03-25,Новосибирская область,4
2020-03-25,Омская область,0
2020-03-25,Алтайский край,0
2020-03-25,Москва,410
2020-03-25,Брянская область,2
2020-03-25,Кемеровская область (Кузбасс),2
2020-03-25,Астраханская область,0
2020-03-25,Забайкальский край,1
2020-03-25,Республика Марий Эл,0
2020-03-25,Волгоградская область,1
2020-03-25,Магаданская область,0
2020-03-25,Республика Алтай,0
2020-03-25,Ненецкий автономный округ,0
2020-03-25,Ямало-Ненецкий автономный округ,0
2020-03-25,Мурманская область,1
2020-03-25,Тульская область,7
2020-03-25,Пензенская область,2
2020-03-25,Кировская область,7
2020-03-25,Чукотский автономный округ,0
2020-03-25,Санкт-Петербург,21
2020-03-25,Кабардино-Балкарская Республика,4
2020-03-25,Ульяновская область,1
2020-03-25,Камчатский край,0
2020-03-25,Челябинская область,2
2020-03-25,Ростовская область,1
2020-03-25,Республика Северная Осетия — Алания,0
2020-03-25,Тамбовская область,3
2020-03-25,Свердловская область,13
2020-03-26,Краснодарский край,9
2020-03-26,Орловская область,2
2020-03-26,Тверская область,3
2020-03-26,Белгородская область,1
2020-03-26,Калининградская область,8
2020-03-26,Республика Дагестан,0
2020-03-26,Республика Мордовия,0
2020-03-26,Курганская область,1
2020-03-26,Смоленская область,0
2020-03-26,Владимирская область,0
2020-03-26,Томская область,2
2020-03-26,Липецкая область,5
2020-03-26,Хабаровский край,5
2020-03-26,Республика Коми,3
2020-03-26,Пермский край,10
2020-03-26,Ставропольский край,5
2020-03-26,Нижегородская область,8
2020-03-26,Кемеровская область (Кузбасс),3
2020-03-26,Республика Бурятия,2
2020-03-26,Карачаево-Черкесская Республика,0
2020-03-26,Иркутская область,0
2020-03-26,Вологодская область,0
2020-03-26,Москва,546
2020-03-26,Республика Тыва,0
2020-03-26,Амурская область,0
2020-03-26,Ленинградская область,3
2020-03-26,Костромская область,0
2020-03-26,Республика Адыгея,0
2020-03-26,Ярославская область,1
2020-03-26,Ивановская область,1
2020-03-26,Чеченская Республика,1
2020-03-26,Ямало-Ненецкий автономный округ,0
2020-03-26,Воронежская область,6
2020-03-26,Приморский край,2
2020-03-26,Калужская область,2
2020-03-26,Красноярский край,8
2020-03-26,Республика Ингушетия,0
2020-03-26,Республика Калмыкия,0
2020-03-26,Удмуртская Республика,2
2020-03-26,Чукотский автономный округ,0
2020-03-26,Ненецкий автономный округ,0
2020-03-26,Севастополь,0
2020-03-26,Республика Крым,7
2020-03-26,Архангельская область,3
2020-03-26,Ханты-Мансийский автономный округ - Югра,4
2020-03-26,Сахалинская область,0
2020-03-26,Оренбургская область,4
2020-03-26,Псковская область,6
2020-03-26,Курская область,0
2020-03-26,Самарская область,12
2020-03-26,Саратовская область,1
2020-03-26,Кабардино-Балкарская Республика,4
2020-03-26,Республика Саха (Якутия),14
2020-03-26,Тюменская область,3
2020-03-26,Новгородская область,1
2020-03-26,Республика Карелия,0
2020-03-26,Московская область,41
2020-03-26,Республика Северная Осетия — Алания,0
2020-03-26,Рязанская область,2
2020-03-26,Чувашская Республика,1
2020-03-26,Забайкальский край,1
2020-03-26,Новосибирская область,5
2020-03-26,Республика Татарстан,10
2020-03-26,Брянская область,2
2020-03-26,Омская область,0
2020-03-26,Астраханская область,0
2020-03-26,Алтайский край,0
2020-03-26,Республика Хакасия,2
2020-03-26,Санкт-Петербург,26
2020-03-26,Еврейская автономная область,0
2020-03-26,Пензенская область,2
2020-03-26,Кировская область,7
2020-03-26,Магаданская область,0
2020-03-26,Тульская область,7
2020-03-26,Волгоградская область,1
2020-03-26,Республика Марий Эл,0
2020-03-26,Мурманская область,1
2020-03-26,Республика Алтай,0
2020-03-26,Челябинская область,5
2020-03-26,Тамбовская область,3
2020-03-26,Республика Башкортостан,4
2020-03-26,Ульяновская область,1
2020-03-26,Свердловская область,20
2020-03-26,Ростовская область,1
2020-03-26,Камчатский край,0
2020-03-27,Самарская область,14
2020-03-27,Пермский край,10
2020-03-27,Республика Карелия,0
2020-03-27,Тюменская область,3
2020-03-27,Чувашская Республика,1
2020-03-27,Еврейская автономная область,0
2020-03-27,Рязанская область,2
2020-03-27,Новгородская область,1
2020-03-27,Саратовская область,1
2020-03-27,Московская область,49
2020-03-27,Брянская область,2
2020-03-27,Карачаево-Черкесская Республика,0
2020-03-27,Астраханская область,0
2020-03-27,Забайкальский край,1
2020-03-27,Республика Хакасия,2
2020-03-27,Республика Башкортостан,4
2020-03-27,Новосибирская область,5
2020-03-27,Республика Татарстан,11
2020-03-27,Тульская область,8
2020-03-27,Мурманская область,1
2020-03-27,Севастополь,5
2020-03-27,Санкт-Петербург,26
2020-03-27,Кировская область,8
2020-03-27,Пензенская область,2
2020-03-27,Республика Марий Эл,0
2020-03-27,Волгоградская область,4
2020-03-27,Магаданская область,0
2020-03-27,Республика Саха (Якутия),14
2020-03-27,Республика Алтай,0
2020-03-27,Москва,703
2020-03-27,Свердловская область,20
2020-03-27,Тамбовская область,3
2020-03-27,Ульяновская область,1
2020-03-27,Камчатский край,0
2020-03-27,Челябинская область,5
2020-03-27,Ростовская область,2
2020-03-27,Курганская область,1
2020-03-27,Смоленская область,0
2020-03-27,Кабардино-Балкарская Республика,4
2020-03-27,Ставропольский край,5
2020-03-27,Ямало-Ненецкий автономный округ,0
2020-03-27,Чукотский автономный округ,0
2020-03-27,Краснодарский край,9
2020-03-27,Орловская область,3
2020-03-27,Ханты-Мансийский автономный округ - Югра,4
2020-03-27,Ненецкий автономный округ,0
2020-03-27,Тверская область,3
2020-03-27,Владимирская область,0
2020-03-27,Республика Северная Осетия — Алания,0
2020-03-27,Томская область,2
2020-03-27,Липецкая область,5
2020-03-27,Хабаровский край,5
2020-03-27,Республика Коми,3
2020-03-27,Республика Мордовия,2
2020-03-27,Республика Дагестан,1
2020-03-27,Белгородская область,1
2020-03-27,Республика Бурятия,2
2020-03-27,Иркутская область,0
2020-03-27,Вологодская область,0
2020-03-27,Алтайский край,0
2020-03-27,Республика Тыва,0
2020-03-27,Омская область,0
2020-03-27,Амурская область,0
2020-03-27,Нижегородская область,8
2020-03-27,Приморский край,2
2020-03-27,Красноярский край,8
2020-03-27,Калужская область,2
2020-03-27,Удмуртская Республика,4
2020-03-27,Республика Адыгея,0
2020-03-27,Ивановская область,2
2020-03-27,Республика Ингушетия,0
2020-03-27,Воронежская область,6
2020-03-27,Чеченская Республика,3
2020-03-27,Республика Калмыкия,0
2020-03-27,Калининградская область,8
2020-03-27,Костромская область,0
2020-03-27,Ленинградская область,3
2020-03-27,Ярославская область,2
2020-03-27,Республика Крым,14
2020-03-27,Кемеровская область (Кузбасс),3
2020-03-27,Курская область,0
2020-03-27,Оренбургская область,4
2020-03-27,Сахалинская область,0
2020-03-27,Архангельская область,3
2020-03-27,Псковская область,6
2020-03-28,Московская область,85
2020-03-28,Ненецкий автономный округ,0
2020-03-28,Пермский край,11
2020-03-28,Чувашская Республика,1
2020-03-28,Чукотский автономный округ,0
2020-03-28,Рязанская область,2
2020-03-28,Саратовская область,2
2020-03-28,Республика Карелия,0
2020-03-28,Новгородская область,1
2020-03-28,Тюменская область,3
2020-03-28,Самарская область,14
2020-03-28,Ямало-Ненецкий автономный округ,0
2020-03-28,Астраханская область,0
2020-03-28,Республика Хакасия,2
2020-03-28,Республика Татарстан,14
2020-03-28,Новосибирская область,7
2020-03-28,Забайкальский край,1
2020-03-28,Брянская область,3
2020-03-28,Севастополь,5
2020-03-28,Республика Алтай,0
2020-03-28,Карачаево-Черкесская Республика,0
2020-03-28,Кировская область,8
2020-03-28,Пензенская область,2
2020-03-28,Магаданская область,0
2020-03-28,Санкт-Петербург,37
2020-03-28,Мурманская область,1
2020-03-28,Волгоградская область,4
2020-03-28,Тульская область,11
2020-03-28,Республика Марий Эл,0
2020-03-28,Калининградская область,11
2020-03-28,Ростовская область,2
2020-03-28,Свердловская область,24
2020-03-28,Камчатский край,0
2020-03-28,Челябинская область,9
2020-03-28,Тамбовская область,3
2020-03-28,Кемеровская область (Кузбасс),3
2020-03-28,Ульяновская область,1
2020-03-28,Республика Коми,3
2020-03-28,Томская область,2
2020-03-28,Хабаровский край,5
2020-03-28,Липецкая область,8
2020-03-28,Ставропольский край,5
2020-03-28,Белгородская область,1
2020-03-28,Республика Дагестан,1
2020-03-28,Республика Мордовия,2
2020-03-28,Еврейская автономная область,0
2020-03-28,Краснодарский край,17
2020-03-28,Орловская область,3
2020-03-28,Тверская область,3
2020-03-28,Курганская область,1
2020-03-28,Смоленская область,1
2020-03-28,Владимирская область,0
2020-03-28,Вологодская область,0
2020-03-28,Алтайский край,0
2020-03-28,Амурская область,0
2020-03-28,Республика Тыва,0
2020-03-28,Республика Башкортостан,4
2020-03-28,Нижегородская область,11
2020-03-28,Омская область,0
2020-03-28,Иркутская область,0
2020-03-28,Республика Бурятия,8
2020-03-28,Ханты-Мансийский автономный округ - Югра,4
2020-03-28,Удмуртская Республика,4
2020-03-28,Республика Адыгея,1
2020-03-28,Ярославская область,2
2020-03-28,Ивановская область,7
2020-03-28,Ленинградская область,7
2020-03-28,Республика Саха (Якутия),14
2020-03-28,Костромская область,1
2020-03-28,Республика Калмыкия,0
2020-03-28,Чеченская Республика,5
2020-03-28,Приморский край,2
2020-03-28,Воронежская область,6
2020-03-28,Красноярский край,12
2020-03-28,Республика Ингушетия,0
2020-03-28,Калужская область,2
2020-03-28,Псковская область,6
2020-03-28,Москва,817
2020-03-28,Кабардино-Балкарская Республика,4
2020-03-28,Курская область,0
2020-03-28,Архангельская область,3
2020-03-28,Республика Крым,15
2020-03-28,Оренбургская область,6
2020-03-28,Сахалинская область,4
2020-03-28,Республика Северная Осетия — Алания,0
2020-03-29,Пермский край,11
2020-03-29,Республика Хакасия,2
2020-03-29,Удмуртская Республика,4
2020-03-29,Забайкальский край,1
2020-03-29,Республика Калмыкия,0
2020-03-29,Республика Ингушетия,0
2020-03-29,Ханты-Мансийский автономный округ - Югра,5
2020-03-29,Чеченская Республика,9
2020-03-29,Воронежская область,6
2020-03-29,Ярославская область,3
2020-03-29,Брянская область,3
2020-03-29,Ленинградская область,9
2020-03-29,Калининградская область,11
2020-03-29,Костромская область,1
2020-03-29,Московская область,112
2020-03-29,Рязанская область,3
2020-03-29,Оренбургская область,6
2020-03-29,Сахалинская область,4
2020-03-29,Архангельская область,3
2020-03-29,Самарская область,14
2020-03-29,Тюменская область,4
2020-03-29,Республика Карелия,0
2020-03-29,Еврейская автономная область,0
2020-03-29,Ставропольский край,5
2020-03-29,Ненецкий автономный округ,0
2020-03-29,Ростовская область,2
2020-03-29,Камчатский край,0
2020-03-29,Севастополь,5
2020-03-29,Чукотский автономный округ,0
2020-03-29,Республика Северная Осетия — Алания,0
2020-03-29,Владимирская область,0
2020-03-29,Тамбовская область,3
2020-03-29,Кабардино-Балкарская Республика,4
2020-03-29,Республика Мордовия,3
2020-03-29,Белгородская область,2
2020-03-29,Республика Дагестан,1
2020-03-29,Москва,1014
2020-03-29,Республика Алтай,0
2020-03-29,Вологодская область,0
2020-03-29,Санкт-Петербург,42
2020-03-29,Пензенская область,7
2020-03-29,Кировская область,9
2020-03-29,Тульская область,11
2020-03-29,Нижегородская область,11
2020-03-29,Мурманская область,3
2020-03-29,Республика Тыва,0
2020-03-29,Амурская область,1
2020-03-29,Республика Саха (Якутия),15
2020-03-29,Республика Марий Эл,0
2020-03-29,Волгоградская область,4
2020-03-29,Магаданская область,0
2020-03-29,Республика Бурятия,8
2020-03-29,Иркутская область,1
2020-03-29,Хабаровский край,7
2020-03-29,Липецкая область,9
2020-03-29,Томская область,3
2020-03-29,Алтайский край,0
2020-03-29,Республика Коми,7
2020-03-29,Свердловская область,24
2020-03-29,Ульяновская область,1
2020-03-29,Тверская область,3
2020-03-29,Краснодарский край,17
2020-03-29,Орловская область,3
2020-03-29,Ямало-Ненецкий автономный округ,0
2020-03-29,Челябинская область,12
2020-03-29,Смоленская область,1
2020-03-29,Омская область,3
2020-03-29,Курганская область,1
2020-03-29,Чувашская Республика,1
2020-03-29,Псковская область,6
2020-03-29,Курская область,0
2020-03-29,Республика Крым,15
2020-03-29,Новгородская область,3
2020-03-29,Саратовская область,2
2020-03-29,Кемеровская область (Кузбасс),3
2020-03-29,Астраханская область,0
2020-03-29,Республика Башкортостан,5
2020-03-29,Ивановская область,7
2020-03-29,Республика Адыгея,1
2020-03-29,Калужская область,2
2020-03-29,Республика Татарстан,14
2020-03-29,Красноярский край,12
2020-03-29,Новосибирская область,8
2020-03-29,Приморский край,2
2020-03-29,Карачаево-Черкесская Республика,0
2020-03-30,Удмуртская Республика,4
2020-03-30,Брянская область,3
2020-03-30,Пермский край,13
2020-03-30,Забайкальский край,1
2020-03-30,Костромская область,1
2020-03-30,Республика Хакасия,3
2020-03-30,Ленинградская область,11
2020-03-30,Ярославская область,3
2020-03-30,Воронежская область,6
2020-03-30,Чеченская Республика,9
2020-03-30,Республика Ингушетия,0
2020-03-30,Республика Саха (Якутия),15
2020-03-30,Республика Калмыкия,1
2020-03-30,Республика Северная Осетия — Алания,0
2020-03-30,Тюменская область,4
2020-03-30,Республика Карелия,0
2020-03-30,Самарская область,14
2020-03-30,Ямало-Ненецкий автономный округ,0
2020-03-30,Рязанская область,5
2020-03-30,Кабардино-Балкарская Республика,6
2020-03-30,Архангельская область,7
2020-03-30,Московская область,119
2020-03-30,Оренбургская область,7
2020-03-30,Сахалинская область,4
2020-03-30,Кемеровская область (Кузбасс),3
2020-03-30,Тамбовская область,3
2020-03-30,Севастополь,5
2020-03-30,Ставропольский край,6
2020-03-30,Камчатский край,0
2020-03-30,Республика Дагестан,4
2020-03-30,Белгородская область,5
2020-03-30,Республика Мордовия,3
2020-03-30,Ростовская область,2
2020-03-30,Владимирская область,2
2020-03-30,Ханты-Мансийский автономный округ - Югра,5
2020-03-30,Вологодская область,2
2020-03-30,Мурманская область,5
2020-03-30,Тульская область,12
2020-03-30,Пензенская область,7
2020-03-30,Кировская область,12
2020-03-30,Санкт-Петербург,50
2020-03-30,Нижегородская область,11
2020-03-30,Республика Алтай,0
2020-03-30,Республика Башкортостан,5
2020-03-30,Иркутская область,2
2020-03-30,Республика Бурятия,13
2020-03-30,Амурская область,1
2020-03-30,Карачаево-Черкесская Республика,0
2020-03-30,Магаданская область,0
2020-03-30,Калининградская область,12
2020-03-30,Республика Тыва,0
2020-03-30,Волгоградская область,4
2020-03-30,Республика Марий Эл,2
2020-03-30,Свердловская область,24
2020-03-30,Алтайский край,1
2020-03-30,Смоленская область,1
2020-03-30,Курганская область,1
2020-03-30,Еврейская автономная область,0
2020-03-30,Тверская область,4
2020-03-30,Краснодарский край,17
2020-03-30,Орловская область,3
2020-03-30,Челябинская область,14
2020-03-30,Республика Коми,22
2020-03-30,Омская область,3
2020-03-30,Липецкая область,10
2020-03-30,Хабаровский край,7
2020-03-30,Томская область,3
2020-03-30,Ульяновская область,1
2020-03-30,Чукотский автономный округ,0
2020-03-30,Ненецкий автономный округ,0
2020-03-30,Республика Крым,15
2020-03-30,Чувашская Республика,1
2020-03-30,Курская область,0
2020-03-30,Псковская область,9
2020-03-30,Саратовская область,4
2020-03-30,Новгородская область,3
2020-03-30,Астраханская область,0
2020-03-30,Москва,1226
2020-03-30,Калужская область,3
2020-03-30,Красноярский край,14
2020-03-30,Приморский край,2
2020-03-30,Ивановская область,9
2020-03-30,Республика Адыгея,4
2020-03-30,Новосибирская область,9
2020-03-30,Республика Татарстан,14
2020-03-31,Санкт-Петербург,98
2020-03-31,Свердловская область,33
2020-03-31,Кировская область,12
2020-03-31,Пензенская область,12
2020-03-31,Кемеровская область (Кузбасс),3
2020-03-31,Пермский край,13
2020-03-31,Тульская область,12
2020-03-31,Мурманская область,11
2020-03-31,Челябинская область,14
2020-03-31,Республика Алтай,0
2020-03-31,Ульяновская область,1
2020-03-31,Тамбовская область,3
2020-03-31,Калининградская область,12
2020-03-31,Магаданская область,1
2020-03-31,Ростовская область,5
2020-03-31,Ханты-Мансийский автономный округ - Югра,5
2020-03-31,Камчатский край,0
2020-03-31,Волгоградская область,4
2020-03-31,Республика Марий Эл,2
2020-03-31,Астраханская область,2
2020-03-31,Самарская область,15
2020-03-31,Республика Карелия,0
2020-03-31,Тюменская область,6
2020-03-31,Севастополь,5
2020-03-31,Республика Татарстан,19
2020-03-31,Новосибирская область,9
2020-03-31,Московская область,119
2020-03-31,Рязанская область,5
2020-03-31,Забайкальский край,1
2020-03-31,Республика Северная Осетия — Алания,0
2020-03-31,Ямало-Ненецкий автономный округ,0
2020-03-31,Чувашская Республика,1
2020-03-31,Брянская область,3
2020-03-31,Ненецкий автономный округ,0
2020-03-31,Кабардино-Балкарская Республика,6
2020-03-31,Саратовская область,4
2020-03-31,Новгородская область,3
2020-03-31,Чукотский автономный округ,0
2020-03-31,Республика Хакасия,3
2020-03-31,Ивановская область,9
2020-03-31,Республика Адыгея,4
2020-03-31,Красноярский край,14
2020-03-31,Калужская область,3
2020-03-31,Приморский край,4
2020-03-31,Архангельская область,7
2020-03-31,Оренбургская область,7
2020-03-31,Сахалинская область,4
2020-03-31,Республика Крым,16
2020-03-31,Удмуртская Республика,4
2020-03-31,Алтайский край,2
2020-03-31,Республика Саха (Якутия),15
2020-03-31,Ярославская область,3
2020-03-31,Ленинградская область,14
2020-03-31,Костромская область,3
2020-03-31,Псковская область,9
2020-03-31,Курская область,0
2020-03-31,Омская область,3
2020-03-31,Республика Калмыкия,2
2020-03-31,Чеченская Республика,9
2020-03-31,Воронежская область,8
2020-03-31,Республика Ингушетия,0
2020-03-31,Республика Башкортостан,7
2020-03-31,Тверская область,4
2020-03-31,Орловская область,3
2020-03-31,Краснодарский край,17
2020-03-31,Вологодская область,2
2020-03-31,Смоленская область,1
2020-03-31,Курганская область,1
2020-03-31,Липецкая область,10
2020-03-31,Хабаровский край,8
2020-03-31,Томская область,3
2020-03-31,Нижегородская область,12
2020-03-31,Карачаево-Черкесская Республика,0
2020-03-31,Республика Коми,22
2020-03-31,Ставропольский край,6
2020-03-31,Еврейская автономная область,0
2020-03-31,Республика Бурятия,19
2020-03-31,Москва,1613
2020-03-31,Иркутская область,3
2020-03-31,Белгородская область,5
2020-03-31,Республика Дагестан,13
2020-03-31,Республика Мордовия,3
2020-03-31,Республика Тыва,0
2020-03-31,Амурская область,1
2020-03-31,Владимирская область,2
2020-04-01,Республика Алтай,0
2020-04-01,Свердловская область,33
2020-04-01,Республика Северная Осетия — Алания,2
2020-04-01,Пермский край,13
2020-04-01,Мурманская область,11
2020-04-01,Ульяновская область,1
2020-04-01,Тульская область,17
2020-04-01,Кировская область,12
2020-04-01,Пензенская область,16
2020-04-01,Кабардино-Балкарская Республика,8
2020-04-01,Санкт-Петербург,125
2020-04-01,Челябинская область,21
2020-04-01,Камчатский край,0
2020-04-01,Ростовская область,5
2020-04-01,Республика Саха (Якутия),15
2020-04-01,Республика Марий Эл,2
2020-04-01,Волгоградская область,8
2020-04-01,Тамбовская область,6
2020-04-01,Магаданская область,1
2020-04-01,Рязанская область,5
2020-04-01,Республика Башкортостан,8
2020-04-01,Московская область,134
2020-04-01,Астраханская область,2
2020-04-01,Севастополь,5
2020-04-01,Республика Карелия,0
2020-04-01,Тюменская область,6
2020-04-01,Самарская область,15
2020-04-01,Новосибирская область,10
2020-04-01,Республика Татарстан,19
2020-04-01,Республика Хакасия,3
2020-04-01,Чувашская Республика,1
2020-04-01,Москва,1880
2020-04-01,Еврейская автономная область,0
2020-04-01,Брянская область,5
2020-04-01,Новгородская область,3
2020-04-01,Ханты-Мансийский автономный округ - Югра,8
2020-04-01,Саратовская область,15
2020-04-01,Забайкальский край,1
2020-04-01,Кемеровская область (Кузбасс),3
2020-04-01,Красноярский край,20
2020-04-01,Оренбургская область,7
2020-04-01,Сахалинская область,5
2020-04-01,Калужская область,3
2020-04-01,Приморский край,5
2020-04-01,Ивановская область,11
2020-04-01,Республика Адыгея,4
2020-04-01,Архангельская область,7
2020-04-01,Алтайский край,3
2020-04-01,Калининградская область,12
2020-04-01,Курская область,3
2020-04-01,Псковская область,9
2020-04-01,Удмуртская Республика,4
2020-04-01,Республика Ингушетия,0
2020-04-01,Воронежская область,12
2020-04-01,Чеченская Республика,10
2020-04-01,Республика Калмыкия,2
2020-04-01,Карачаево-Черкесская Республика,0
2020-04-01,Костромская область,3
2020-04-01,Ленинградская область,20
2020-04-01,Омская область,7
2020-04-01,Республика Крым,16
2020-04-01,Ярославская область,3
2020-04-01,Республика Коми,54
2020-04-01,Вологодская область,9
2020-04-01,Хабаровский край,9
2020-04-01,Липецкая область,11
2020-04-01,Томская область,3
2020-04-01,Смоленская область,1
2020-04-01,Курганская область,1
2020-04-01,Нижегородская область,12
2020-04-01,Тверская область,5
2020-04-01,Орловская область,3
2020-04-01,Краснодарский край,22
2020-04-01,Амурская область,1
2020-04-01,Ставропольский край,6
2020-04-01,Республика Тыва,0
2020-04-01,Владимирская область,3
2020-04-01,Иркутская область,3
2020-04-01,Чукотский автономный округ,0
2020-04-01,Республика Бурятия,25
2020-04-01,Ненецкий автономный округ,0
2020-04-01,Ямало-Ненецкий автономный округ,0
2020-04-01,Республика Мордовия,4
2020-04-01,Республика Дагестан,15
2020-04-01,Белгородская область,5
2020-04-02,Вологодская область,12
2020-04-02,Пермский край,20
2020-04-02,Камчатский край,0
2020-04-02,Республика Башкортостан,10
2020-04-02,Карачаево-Черкесская Республика,0
2020-04-02,Ростовская область,9
2020-04-02,Нижегородская область,25
2020-04-02,Тамбовская область,6
2020-04-02,Ставропольский край,11
2020-04-02,Республика Алтай,0
2020-04-02,Тульская область,17
2020-04-02,Республика Дагестан,25
2020-04-02,Мурманская область,15
2020-04-02,Белгородская область,6
2020-04-02,Республика Мордовия,4
2020-04-02,Владимирская область,3
2020-04-02,Кемеровская область (Кузбасс),3
2020-04-02,Санкт-Петербург,147
2020-04-02,Пензенская область,16
2020-04-02,Кировская область,12
2020-04-02,Севастополь,5
2020-04-02,Республика Хакасия,3
2020-04-02,Ямало-Ненецкий автономный округ,2
2020-04-02,Брянская область,5
2020-04-02,Архангельская область,7
2020-04-02,Забайкальский край,1
2020-04-02,Оренбургская область,12
2020-04-02,Сахалинская область,5
2020-04-02,Удмуртская Республика,4
2020-04-02,Рязанская область,5
2020-04-02,Московская область,177
2020-04-02,Республика Саха (Якутия),15
2020-04-02,Костромская область,3
2020-04-02,Самарская область,17
2020-04-02,Ленинградская область,31
2020-04-02,Тюменская область,6
2020-04-02,Республика Карелия,0
2020-04-02,Ярославская область,3
2020-04-02,Воронежская область,12
2020-04-02,Чеченская Республика,10
2020-04-02,Республика Ингушетия,0
2020-04-02,Республика Калмыкия,2
2020-04-02,Астраханская область,2
2020-04-02,Курская область,3
2020-04-02,Псковская область,9
2020-04-02,Республика Татарстан,19
2020-04-02,Новосибирская область,10
2020-04-02,Республика Крым,16
2020-04-02,Ханты-Мансийский автономный округ - Югра,8
2020-04-02,Кабардино-Балкарская Республика,8
2020-04-02,Чувашская Республика,1
2020-04-02,Алтайский край,4
2020-04-02,Приморский край,5
2020-04-02,Омская область,9
2020-04-02,Калужская область,5
2020-04-02,Красноярский край,25
2020-04-02,Чукотский автономный округ,0
2020-04-02,Ненецкий автономный округ,0
2020-04-02,Республика Адыгея,5
2020-04-02,Саратовская область,15
2020-04-02,Республика Северная Осетия — Алания,4
2020-04-02,Ивановская область,11
2020-04-02,Новгородская область,3
2020-04-02,Республика Тыва,0
2020-04-02,Свердловская область,38
2020-04-02,Амурская область,1
2020-04-02,Республика Бурятия,30
2020-04-02,Челябинская область,21
2020-04-02,Иркутская область,7
2020-04-02,Еврейская автономная область,0
2020-04-02,Ульяновская область,1
2020-04-02,Калининградская область,19
2020-04-02,Томская область,3
2020-04-02,Хабаровский край,9
2020-04-02,Липецкая область,15
2020-04-02,Республика Коми,56
2020-04-02,Москва,2475
2020-04-02,Курганская область,1
2020-04-02,Смоленская область,1
2020-04-02,Магаданская область,1
2020-04-02,Орловская область,3
2020-04-02,Краснодарский край,22
2020-04-02,Волгоградская область,8
2020-04-02,Республика Марий Эл,4
2020-04-02,Тверская область,5
2020-04-03,Тамбовская область,6
2020-04-03,Пермский край,21
2020-04-03,Вологодская область,12
2020-04-03,Ростовская область,9
2020-04-03,Камчатский край,0
2020-04-03,Нижегородская область,25
2020-04-03,Пензенская область,27
2020-04-03,Ставропольский край,11
2020-04-03,Кировская область,15
2020-04-03,Санкт-Петербург,156
2020-04-03,Мурманская область,15
2020-04-03,Тульская область,17
2020-04-03,Ненецкий автономный округ,0
2020-04-03,Республика Алтай,0
2020-04-03,Владимирская область,3
2020-04-03,Республика Мордовия,4
2020-04-03,Белгородская область,6
2020-04-03,Республика Дагестан,25
2020-04-03,Чукотский автономный округ,0
2020-04-03,Севастополь,5
2020-04-03,Еврейская автономная область,3
2020-04-03,Забайкальский край,1
2020-04-03,Брянская область,7
2020-04-03,Оренбургская область,12
2020-04-03,Сахалинская область,5
2020-04-03,Архангельская область,8
2020-04-03,Республика Хакасия,3
2020-04-03,Карачаево-Черкесская Республика,0
2020-04-03,Тюменская область,11
2020-04-03,Республика Карелия,0
2020-04-03,Москва,2923
2020-04-03,Самарская область,17
2020-04-03,Калининградская область,19
2020-04-03,Удмуртская Республика,4
2020-04-03,Московская область,211
2020-04-03,Республика Калмыкия,7
2020-04-03,Республика Ингушетия,1
2020-04-03,Чеченская Республика,12
2020-04-03,Воронежская область,12
2020-04-03,Ярославская область,3
2020-04-03,Ленинградская область,41
2020-04-03,Костромская область,3
2020-04-03,Рязанская область,6
2020-04-03,Республика Башкортостан,10
2020-04-03,Республика Крым,18
2020-04-03,Астраханская область,5
2020-04-03,Псковская область,9
2020-04-03,Республика Татарстан,25
2020-04-03,Новосибирская область,10
2020-04-03,Курская область,4
2020-04-03,Республика Адыгея,5
2020-04-03,Чувашская Республика,1
2020-04-03,Кемеровская область (Кузбасс),3
2020-04-03,Ивановская область,13
2020-04-03,Алтайский край,4
2020-04-03,Приморский край,7
2020-04-03,Калужская область,5
2020-04-03,Красноярский край,25
2020-04-03,Новгородская область,3
2020-04-03,Саратовская область,19
2020-04-03,Омская область,9
2020-04-03,Кабардино-Балкарская Республика,8
2020-04-03,Ямало-Ненецкий автономный округ,12
2020-04-03,Иркутская область,8
2020-04-03,Республика Бурятия,31
2020-04-03,Свердловская область,39
2020-04-03,Республика Северная Осетия — Алания,4
2020-04-03,Ульяновская область,1
2020-04-03,Челябинская область,23
2020-04-03,Амурская область,1
2020-04-03,Республика Тыва,0
2020-04-03,Орловская область,3
2020-04-03,Краснодарский край,39
2020-04-03,Республика Саха (Якутия),15
2020-04-03,Тверская область,6
2020-04-03,Ханты-Мансийский автономный округ - Югра,16
2020-04-03,Курганская область,1
2020-04-03,Смоленская область,1
2020-04-03,Республика Коми,56
2020-04-03,Томская область,3
2020-04-03,Республика Марий Эл,4
2020-04-03,Волгоградская область,8
2020-04-03,Липецкая область,18
2020-04-03,Хабаровский край,10
2020-04-03,Магаданская область,1
2020-04-04,Республика Татарстан,25
2020-04-04,Новосибирская область,10
2020-04-04,Ханты-Мансийский автономный округ - Югра,16
2020-04-04,Ямало-Ненецкий автономный округ,12
2020-04-04,Республика Крым,18
2020-04-04,Астраханская область,5
2020-04-04,Курская область,4
2020-04-04,Псковская область,9
2020-04-04,Пермский край,21
2020-04-04,Приморский край,7
2020-04-04,Красноярский край,25
2020-04-04,Калужская область,6
2020-04-04,Республика Адыгея,7
2020-04-04,Саратовская область,19
2020-04-04,Ивановская область,23
2020-04-04,Новгородская область,3
2020-04-04,Республика Саха (Якутия),15
2020-04-04,Чувашская Республика,1
2020-04-04,Москва,3357
2020-04-04,Челябинская область,26
2020-04-04,Иркутская область,8
2020-04-04,Республика Бурятия,35
2020-04-04,Ульяновская область,1
2020-04-04,Амурская область,4
2020-04-04,Республика Башкортостан,10
2020-04-04,Республика Тыва,0
2020-04-04,Свердловская область,40
2020-04-04,Севастополь,5
2020-04-04,Магаданская область,1
2020-04-04,Курганская область,2
2020-04-04,Смоленская область,2
2020-04-04,Кемеровская область (Кузбасс),3
2020-04-04,Орловская область,6
2020-04-04,Краснодарский край,39
2020-04-04,Волгоградская область,8
2020-04-04,Республика Марий Эл,4
2020-04-04,Тверская область,6
2020-04-04,Карачаево-Черкесская Республика,0
2020-04-04,Республика Коми,59
2020-04-04,Томская область,3
2020-04-04,Липецкая область,18
2020-04-04,Хабаровский край,10
2020-04-04,Нижегородская область,25
2020-04-04,Тамбовская область,7
2020-04-04,Еврейская автономная область,3
2020-04-04,Камчатский край,0
2020-04-04,Вологодская область,13
2020-04-04,Ростовская область,9
2020-04-04,Республика Дагестан,25
2020-04-04,Мурманская область,15
2020-04-04,Белгородская область,7
2020-04-04,Республика Мордовия,5
2020-04-04,Тульская область,19
2020-04-04,Кировская область,18
2020-04-04,Пензенская область,27
2020-04-04,Омская область,10
2020-04-04,Владимирская область,3
2020-04-04,Санкт-Петербург,171
2020-04-04,Алтайский край,7
2020-04-04,Ставропольский край,11
2020-04-04,Республика Алтай,0
2020-04-04,Калининградская область,19
2020-04-04,Архангельская область,8
2020-04-04,Брянская область,19
2020-04-04,Сахалинская область,6
2020-04-04,Оренбургская область,12
2020-04-04,Кабардино-Балкарская Республика,8
2020-04-04,Забайкальский край,1
2020-04-04,Республика Хакасия,3
2020-04-04,Республика Северная Осетия — Алания,5
2020-04-04,Республика Карелия,0
2020-04-04,Тюменская область,11
2020-04-04,Ярославская область,5
2020-04-04,Ненецкий автономный округ,0
2020-04-04,Самарская область,17
2020-04-04,Костромская область,8
2020-04-04,Ленинградская область,47
2020-04-04,Республика Калмыкия,7
2020-04-04,Воронежская область,14
2020-04-04,Чеченская Республика,15
2020-04-04,Республика Ингушетия,1
2020-04-04,Чукотский автономный округ,0
2020-04-04,Удмуртская Республика,5
2020-04-04,Рязанская область,12
2020-04-04,Московская область,260
2020-04-05,Карачаево-Черкесская Республика,0
2020-04-05,Псковская область,9
2020-04-05,Курская область,4
2020-04-05,Новосибирская область,11
2020-04-05,Республика Татарстан,25
2020-04-05,Республика Крым,20
2020-04-05,Еврейская автономная область,3
2020-04-05,Пермский край,21
2020-04-05,Астраханская область,5
2020-04-05,Новгородская область,3
2020-04-05,Саратовская область,19
2020-04-05,Республика Адыгея,7
2020-04-05,Чувашская Республика,1
2020-04-05,Ивановская область,23
2020-04-05,Калининградская область,19
2020-04-05,Приморский край,7
2020-04-05,Красноярский край,29
2020-04-05,Калужская область,6
2020-04-05,Ульяновская область,1
2020-04-05,Республика Тыва,0
2020-04-05,Ханты-Мансийский автономный округ - Югра,19
2020-04-05,Челябинская область,27
2020-04-05,Амурская область,4
2020-04-05,Республика Бурятия,35
2020-04-05,Свердловская область,40
2020-04-05,Севастополь,5
2020-04-05,Иркутская область,8
2020-04-05,Республика Марий Эл,4
2020-04-05,Томская область,3
2020-04-05,Хабаровский край,11
2020-04-05,Липецкая область,18
2020-04-05,Волгоградская область,8
2020-04-05,Республика Коми,59
2020-04-05,Чукотский автономный округ,0
2020-04-05,Ненецкий автономный округ,0
2020-04-05,Магаданская область,1
2020-04-05,Орловская область,6
2020-04-05,Краснодарский край,39
2020-04-05,Тверская область,6
2020-04-05,Курганская область,2
2020-04-05,Смоленская область,2
2020-04-05,Ростовская область,9
2020-04-05,Нижегородская область,47
2020-04-05,Камчатский край,2
2020-04-05,Тамбовская область,7
2020-04-05,Вологодская область,13
2020-04-05,Ямало-Ненецкий автономный округ,12
2020-04-05,Владимирская область,3
2020-04-05,Кабардино-Балкарская Республика,8
2020-04-05,Республика Алтай,0
2020-04-05,Омская область,10
2020-04-05,Республика Мордовия,5
2020-04-05,Белгородская область,7
2020-04-05,Республика Дагестан,25
2020-04-05,Санкт-Петербург,191
2020-04-05,Алтайский край,7
2020-04-05,Республика Северная Осетия — Алания,5
2020-04-05,Кировская область,18
2020-04-05,Пензенская область,27
2020-04-05,Ставропольский край,11
2020-04-05,Тульская область,29
2020-04-05,Москва,3893
2020-04-05,Мурманская область,15
2020-04-05,Республика Саха (Якутия),15
2020-04-05,Сахалинская область,6
2020-04-05,Оренбургская область,12
2020-04-05,Архангельская область,8
2020-04-05,Республика Хакасия,3
2020-04-05,Забайкальский край,1
2020-04-05,Брянская область,19
2020-04-05,Республика Башкортостан,10
2020-04-05,Республика Ингушетия,1
2020-04-05,Чеченская Республика,15
2020-04-05,Воронежская область,14
2020-04-05,Московская область,305
2020-04-05,Республика Калмыкия,7
2020-04-05,Ленинградская область,57
2020-04-05,Рязанская область,12
2020-04-05,Костромская область,8
2020-04-05,Ярославская область,6
2020-04-05,Кемеровская область (Кузбасс),3
2020-04-05,Самарская область,17
2020-04-05,Удмуртская Республика,5
2020-04-05,Республика Карелия,0
2020-04-05,Тюменская область,11
2020-04-06,Архангельская область,14
2020-04-06,Республика Северная Осетия — Алания,8
2020-04-06,Сахалинская область,6
2020-04-06,Оренбургская область,14
2020-04-06,Кабардино-Балкарская Республика,8
2020-04-06,Ивановская область,33
2020-04-06,Республика Адыгея,13
2020-04-06,Пермский край,21
2020-04-06,Калужская область,7
2020-04-06,Красноярский край,32
2020-04-06,Приморский край,7
2020-04-06,Ленинградская область,62
2020-04-06,Псковская область,10
2020-04-06,Костромская область,9
2020-04-06,Ярославская область,6
2020-04-06,Чукотский автономный округ,0
2020-04-06,Чеченская Республика,16
2020-04-06,Воронежская область,23
2020-04-06,Ненецкий автономный округ,0
2020-04-06,Республика Ингушетия,1
2020-04-06,Курская область,4
2020-04-06,Республика Калмыкия,7
2020-04-06,Удмуртская Республика,5
2020-04-06,Республика Крым,21
2020-04-06,Ямало-Ненецкий автономный округ,12
2020-04-06,Москва,4484
2020-04-06,Нижегородская область,56
2020-04-06,Республика Коми,90
2020-04-06,Хабаровский край,11
2020-04-06,Липецкая область,26
2020-04-06,Томская область,3
2020-04-06,Вологодская область,23
2020-04-06,Севастополь,5
2020-04-06,Тверская область,8
2020-04-06,Орловская область,7
2020-04-06,Краснодарский край,50
2020-04-06,Смоленская область,3
2020-04-06,Кемеровская область (Кузбасс),5
2020-04-06,Курганская область,2
2020-04-06,Белгородская область,11
2020-04-06,Республика Дагестан,30
2020-04-06,Республика Мордовия,6
2020-04-06,Амурская область,4
2020-04-06,Владимирская область,5
2020-04-06,Республика Тыва,0
2020-04-06,Калининградская область,19
2020-04-06,Иркутская область,11
2020-04-06,Ставропольский край,20
2020-04-06,Республика Бурятия,43
2020-04-06,Республика Алтай,0
2020-04-06,Челябинская область,31
2020-04-06,Ульяновская область,2
2020-04-06,Свердловская область,44
2020-04-06,Пензенская область,32
2020-04-06,Кировская область,18
2020-04-06,Санкт-Петербург,226
2020-04-06,Республика Башкортостан,10
2020-04-06,Ханты-Мансийский автономный округ - Югра,19
2020-04-06,Мурманская область,18
2020-04-06,Тульская область,39
2020-04-06,Ростовская область,9
2020-04-06,Омская область,10
2020-04-06,Магаданская область,1
2020-04-06,Камчатский край,2
2020-04-06,Волгоградская область,15
2020-04-06,Республика Марий Эл,13
2020-04-06,Тамбовская область,15
2020-04-06,Карачаево-Черкесская Республика,0
2020-04-06,Алтайский край,12
2020-04-06,Еврейская автономная область,3
2020-04-06,Московская область,387
2020-04-06,Новосибирская область,11
2020-04-06,Республика Татарстан,41
2020-04-06,Рязанская область,17
2020-04-06,Астраханская область,5
2020-04-06,Тюменская область,11
2020-04-06,Республика Карелия,2
2020-04-06,Самарская область,17
2020-04-06,Республика Хакасия,5
2020-04-06,Саратовская область,19
2020-04-06,Новгородская область,5
2020-04-06,Забайкальский край,1
2020-04-06,Чувашская Республика,3
2020-04-06,Республика Саха (Якутия),15
2020-04-06,Брянская область,24
2020-04-07,Калужская область,11
2020-04-07,Сахалинская область,6
2020-04-07,Оренбургская область,14
2020-04-07,Красноярский край,32
2020-04-07,Приморский край,8
2020-04-07,Архангельская область,14
2020-04-07,Ивановская область,47
2020-04-07,Республика Адыгея,13
2020-04-07,Пермский край,32
2020-04-07,Республика Башкортостан,12
2020-04-07,Республика Калмыкия,11
2020-04-07,Республика Ингушетия,7
2020-04-07,Воронежская область,23
2020-04-07,Еврейская автономная область,3
2020-04-07,Чеченская Республика,17
2020-04-07,Ярославская область,11
2020-04-07,Республика Крым,22
2020-04-07,Костромская область,9
2020-04-07,Ленинградская область,62
2020-04-07,Курская область,4
2020-04-07,Псковская область,14
2020-04-07,Удмуртская Республика,9
2020-04-07,Смоленская область,3
2020-04-07,Курганская область,2
2020-04-07,Тверская область,8
2020-04-07,Орловская область,12
2020-04-07,Краснодарский край,61
2020-04-07,Нижегородская область,56
2020-04-07,Севастополь,5
2020-04-07,Липецкая область,26
2020-04-07,Хабаровский край,16
2020-04-07,Томская область,3
2020-04-07,Республика Коми,101
2020-04-07,Вологодская область,23
2020-04-07,Республика Бурятия,43
2020-04-07,Иркутская область,14
2020-04-07,Владимирская область,12
2020-04-07,Республика Северная Осетия — Алания,9
2020-04-07,Республика Мордовия,6
2020-04-07,Республика Дагестан,43
2020-04-07,Белгородская область,14
2020-04-07,Республика Тыва,0
2020-04-07,Ставропольский край,39
2020-04-07,Амурская область,4
2020-04-07,Республика Саха (Якутия),15
2020-04-07,Кабардино-Балкарская Республика,13
2020-04-07,Ульяновская область,4
2020-04-07,Тульская область,49
2020-04-07,Мурманская область,18
2020-04-07,Санкт-Петербург,295
2020-04-07,Челябинская область,32
2020-04-07,Пензенская область,51
2020-04-07,Кировская область,20
2020-04-07,Республика Алтай,0
2020-04-07,Свердловская область,51
2020-04-07,Омская область,14
2020-04-07,Ненецкий автономный округ,0
2020-04-07,Республика Марий Эл,13
2020-04-07,Волгоградская область,26
2020-04-07,Магаданская область,1
2020-04-07,Ямало-Ненецкий автономный округ,30
2020-04-07,Тамбовская область,15
2020-04-07,Чукотский автономный округ,0
2020-04-07,Камчатский край,2
2020-04-07,Ростовская область,17
2020-04-07,Москва,5181
2020-04-07,Алтайский край,12
2020-04-07,Самарская область,17
2020-04-07,Тюменская область,18
2020-04-07,Республика Карелия,2
2020-04-07,Кемеровская область (Кузбасс),5
2020-04-07,Республика Татарстан,41
2020-04-07,Новосибирская область,11
2020-04-07,Рязанская область,17
2020-04-07,Ханты-Мансийский автономный округ - Югра,38
2020-04-07,Карачаево-Черкесская Республика,3
2020-04-07,Московская область,454
2020-04-07,Астраханская область,5
2020-04-07,Новгородская область,5
2020-04-07,Брянская область,56
2020-04-07,Саратовская область,25
2020-04-07,Забайкальский край,1
2020-04-07,Чувашская Республика,6
2020-04-07,Республика Хакасия,5
2020-04-07,Калининградская область,48
2020-04-08,Рязанская область,32
2020-04-08,Кабардино-Балкарская Республика,23
2020-04-08,Удмуртская Республика,9
2020-04-08,Калининградская область,49
2020-04-08,Московская область,549
2020-04-08,Республика Карелия,2
2020-04-08,Тюменская область,18
2020-04-08,Ярославская область,11
2020-04-08,Республика Северная Осетия — Алания,15
2020-04-08,Костромская область,9
2020-04-08,Самарская область,18
2020-04-08,Ленинградская область,94
2020-04-08,Республика Калмыкия,15
2020-04-08,Республика Ингушетия,25
2020-04-08,Воронежская область,33
2020-04-08,Чеченская Республика,22
2020-04-08,Еврейская автономная область,6
2020-04-08,Республика Хакасия,6
2020-04-08,Архангельская область,14
2020-04-08,Брянская область,57
2020-04-08,Оренбургская область,22
2020-04-08,Сахалинская область,11
2020-04-08,Забайкальский край,4
2020-04-08,Ханты-Мансийский автономный округ - Югра,41
2020-04-08,Республика Алтай,0
2020-04-08,Ставропольский край,39
2020-04-08,Омская область,15
2020-04-08,Республика Мордовия,13
2020-04-08,Алтайский край,18
2020-04-08,Республика Дагестан,44
2020-04-08,Мурманская область,43
2020-04-08,Белгородская область,18
2020-04-08,Ненецкий автономный округ,0
2020-04-08,Тульская область,54
2020-04-08,Кировская область,20
2020-04-08,Пензенская область,52
2020-04-08,Чукотский автономный округ,0
2020-04-08,Владимирская область,14
2020-04-08,Санкт-Петербург,329
2020-04-08,Камчатский край,2
2020-04-08,Вологодская область,27
2020-04-08,Ростовская область,21
2020-04-08,Нижегородская область,80
2020-04-08,Тамбовская область,21
2020-04-08,Республика Саха (Якутия),16
2020-04-08,Республика Коми,119
2020-04-08,Липецкая область,44
2020-04-08,Хабаровский край,24
2020-04-08,Томская область,4
2020-04-08,Магаданская область,1
2020-04-08,Смоленская область,7
2020-04-08,Москва,5841
2020-04-08,Курганская область,3
2020-04-08,Республика Марий Эл,40
2020-04-08,Тверская область,12
2020-04-08,Волгоградская область,26
2020-04-08,Краснодарский край,85
2020-04-08,Орловская область,12
2020-04-08,Амурская область,4
2020-04-08,Карачаево-Черкесская Республика,5
2020-04-08,Республика Тыва,0
2020-04-08,Свердловская область,56
2020-04-08,Ямало-Ненецкий автономный округ,41
2020-04-08,Челябинская область,32
2020-04-08,Иркутская область,14
2020-04-08,Республика Бурятия,50
2020-04-08,Ульяновская область,4
2020-04-08,Севастополь,5
2020-04-08,Кемеровская область (Кузбасс),7
2020-04-08,Чувашская Республика,15
2020-04-08,Красноярский край,39
2020-04-08,Калужская область,11
2020-04-08,Приморский край,15
2020-04-08,Ивановская область,47
2020-04-08,Новгородская область,5
2020-04-08,Республика Адыгея,13
2020-04-08,Саратовская область,26
2020-04-08,Курская область,10
2020-04-08,Астраханская область,5
2020-04-08,Республика Башкортостан,16
2020-04-08,Псковская область,14
2020-04-08,Республика Татарстан,41
2020-04-08,Новосибирская область,13
2020-04-08,Республика Крым,23
2020-04-08,Пермский край,32
2020-04-09,Республика Саха (Якутия),16
2020-04-09,Удмуртская Республика,9
2020-04-09,Самарская область,18
2020-04-09,Ханты-Мансийский автономный округ - Югра,41
2020-04-09,Республика Карелия,2
2020-04-09,Тюменская область,19
2020-04-09,Чеченская Республика,22
2020-04-09,Воронежская область,33
2020-04-09,Республика Ингушетия,25
2020-04-09,Москва,6698
2020-04-09,Московская область,748
2020-04-09,Республика Калмыкия,23
2020-04-09,Ленинградская область,112
2020-04-09,Рязанская область,32
2020-04-09,Костромская область,12
2020-04-09,Ярославская область,13
2020-04-09,Забайкальский край,4
2020-04-09,Брянская область,97
2020-04-09,Ямало-Ненецкий автономный округ,41
2020-04-09,Оренбургская область,22
2020-04-09,Сахалинская область,11
2020-04-09,Республика Хакасия,6
2020-04-09,Архангельская область,24
2020-04-09,Санкт-Петербург,373
2020-04-09,Кировская область,28
2020-04-09,Ставропольский край,42
2020-04-09,Пензенская область,52
2020-04-09,Омская область,15
2020-04-09,Тульская область,66
2020-04-09,Мурманская область,44
2020-04-09,Владимирская область,38
2020-04-09,Республика Алтай,0
2020-04-09,Алтайский край,21
2020-04-09,Кемеровская область (Кузбасс),7
2020-04-09,Белгородская область,18
2020-04-09,Республика Дагестан,57
2020-04-09,Республика Мордовия,17
2020-04-09,Тамбовская область,21
2020-04-09,Вологодская область,35
2020-04-09,Кабардино-Балкарская Республика,23
2020-04-09,Республика Башкортостан,22
2020-04-09,Ростовская область,24
2020-04-09,Нижегородская область,87
2020-04-09,Камчатский край,5
2020-04-09,Республика Северная Осетия — Алания,22
2020-04-09,Тверская область,19
2020-04-09,Краснодарский край,105
2020-04-09,Орловская область,17
2020-04-09,Калининградская область,52
2020-04-09,Смоленская область,11
2020-04-09,Курганская область,3
2020-04-09,Волгоградская область,26
2020-04-09,Хабаровский край,24
2020-04-09,Липецкая область,48
2020-04-09,Томская область,4
2020-04-09,Республика Марий Эл,41
2020-04-09,Республика Коми,150
2020-04-09,Магаданская область,1
2020-04-09,Свердловская область,59
2020-04-09,Республика Бурятия,54
2020-04-09,Иркутская область,17
2020-04-09,Ульяновская область,6
2020-04-09,Еврейская автономная область,6
2020-04-09,Республика Тыва,0
2020-04-09,Амурская область,4
2020-04-09,Челябинская область,34
2020-04-09,Севастополь,5
2020-04-09,Чувашская Республика,17
2020-04-09,Ивановская область,60
2020-04-09,Республика Адыгея,13
2020-04-09,Карачаево-Черкесская Республика,6
2020-04-09,Красноярский край,39
2020-04-09,Калужская область,11
2020-04-09,Приморский край,20
2020-04-09,Чукотский автономный округ,0
2020-04-09,Саратовская область,30
2020-04-09,Новгородская область,12
2020-04-09,Ненецкий автономный округ,0
2020-04-09,Республика Крым,26
2020-04-09,Астраханская область,21
2020-04-09,Псковская область,16
2020-04-09,Пермский край,41
2020-04-09,Курская область,20
2020-04-09,Новосибирская область,18
2020-04-09,Республика Татарстан,50
2020-04-10,Забайкальский край,4
2020-04-10,Чувашская Республика,32
2020-04-10,Брянская область,97
2020-04-10,Еврейская автономная область,8
2020-04-10,Республика Хакасия,9
2020-04-10,Новгородская область,18
2020-04-10,Саратовская область,34
2020-04-10,Астраханская область,21
2020-04-10,Тюменская область,22
2020-04-10,Республика Карелия,2
2020-04-10,Самарская область,20
2020-04-10,Республика Башкортостан,40
2020-04-10,Московская область,930
2020-04-10,Новосибирская область,21
2020-04-10,Республика Татарстан,50
2020-04-10,Рязанская область,38
2020-04-10,Тамбовская область,33
2020-04-10,Омская область,17
2020-04-10,Республика Саха (Якутия),16
2020-04-10,Ростовская область,29
2020-04-10,Магаданская область,1
2020-04-10,Республика Марий Эл,63
2020-04-10,Алтайский край,21
2020-04-10,Волгоградская область,28
2020-04-10,Камчатский край,5
2020-04-10,Свердловская область,61
2020-04-10,Пензенская область,67
2020-04-10,Кировская область,29
2020-04-10,Санкт-Петербург,408
2020-04-10,Мурманская область,67
2020-04-10,Тульская область,71
2020-04-10,Республика Алтай,0
2020-04-10,Челябинская область,34
2020-04-10,Карачаево-Черкесская Республика,9
2020-04-10,Ульяновская область,40
2020-04-10,Иркутская область,21
2020-04-10,Республика Бурятия,60
2020-04-10,Ставропольский край,52
2020-04-10,Чукотский автономный округ,0
2020-04-10,Москва,7822
2020-04-10,Республика Мордовия,19
2020-04-10,Белгородская область,26
2020-04-10,Республика Дагестан,58
2020-04-10,Ямало-Ненецкий автономный округ,41
2020-04-10,Владимирская область,42
2020-04-10,Амурская область,4
2020-04-10,Республика Тыва,6
2020-04-10,Ненецкий автономный округ,0
2020-04-10,Вологодская область,38
2020-04-10,Краснодарский край,125
2020-04-10,Орловская область,24
2020-04-10,Тверская область,24
2020-04-10,Курганская область,3
2020-04-10,Смоленская область,13
2020-04-10,Республика Коми,208
2020-04-10,Севастополь,5
2020-04-10,Нижегородская область,119
2020-04-10,Томская область,4
2020-04-10,Хабаровский край,28
2020-04-10,Липецкая область,55
2020-04-10,Удмуртская Республика,11
2020-04-10,Калининградская область,62
2020-04-10,Республика Крым,29
2020-04-10,Республика Северная Осетия — Алания,27
2020-04-10,Ленинградская область,129
2020-04-10,Костромская область,15
2020-04-10,Псковская область,16
2020-04-10,Ярославская область,13
2020-04-10,Республика Ингушетия,29
2020-04-10,Кабардино-Балкарская Республика,27
2020-04-10,Чеченская Республика,22
2020-04-10,Воронежская область,37
2020-04-10,Ханты-Мансийский автономный округ - Югра,41
2020-04-10,Республика Калмыкия,23
2020-04-10,Курская область,21
2020-04-10,Республика Адыгея,20
2020-04-10,Ивановская область,60
2020-04-10,Приморский край,20
2020-04-10,Калужская область,18
2020-04-10,Красноярский край,39
2020-04-10,Кемеровская область (Кузбасс),11
2020-04-10,Архангельская область,24
2020-04-10,Пермский край,45
2020-04-10,Оренбургская область,25
2020-04-10,Сахалинская область,11
2020-04-11,Ямало-Ненецкий автономный округ,50
2020-04-11,Чувашская Республика,39
2020-04-11,Республика Хакасия,12
2020-04-11,Саратовская область,35
2020-04-11,Москва,8852
2020-04-11,Брянская область,123
2020-04-11,Новгородская область,18
2020-04-11,Карачаево-Черкесская Республика,9
2020-04-11,Ненецкий автономный округ,0
2020-04-11,Забайкальский край,4
2020-04-11,Чукотский автономный округ,0
2020-04-11,Рязанская область,55
2020-04-11,Московская область,1082
2020-04-11,Астраханская область,21
2020-04-11,Самарская область,21
2020-04-11,Тюменская область,30
2020-04-11,Республика Карелия,2
2020-04-11,Республика Татарстан,73
2020-04-11,Новосибирская область,28
2020-04-11,Омская область,17
2020-04-11,Камчатский край,10
2020-04-11,Калининградская область,65
2020-04-11,Ростовская область,38
2020-04-11,Волгоградская область,33
2020-04-11,Республика Марий Эл,63
2020-04-11,Магаданская область,1
2020-04-11,Алтайский край,29
2020-04-11,Тамбовская область,33
2020-04-11,Кемеровская область (Кузбасс),12
2020-04-11,Свердловская область,74
2020-04-11,Республика Алтай,0
2020-04-11,Тульская область,71
2020-04-11,Ульяновская область,62
2020-04-11,Мурманская область,67
2020-04-11,Санкт-Петербург,488
2020-04-11,Челябинская область,40
2020-04-11,Пензенская область,67
2020-04-11,Кировская область,35
2020-04-11,Республика Тыва,6
2020-04-11,Ставропольский край,66
2020-04-11,Амурская область,6
2020-04-11,Еврейская автономная область,8
2020-04-11,Республика Бурятия,61
2020-04-11,Ханты-Мансийский автономный округ - Югра,41
2020-04-11,Иркутская область,23
2020-04-11,Владимирская область,48
2020-04-11,Республика Дагестан,84
2020-04-11,Белгородская область,26
2020-04-11,Республика Мордовия,19
2020-04-11,Республика Северная Осетия — Алания,27
2020-04-11,Республика Башкортостан,65
2020-04-11,Томская область,4
2020-04-11,Липецкая область,58
2020-04-11,Хабаровский край,29
2020-04-11,Республика Коми,208
2020-04-11,Вологодская область,39
2020-04-11,Курганская область,3
2020-04-11,Смоленская область,17
2020-04-11,Севастополь,6
2020-04-11,Кабардино-Балкарская Республика,30
2020-04-11,Краснодарский край,138
2020-04-11,Орловская область,29
2020-04-11,Тверская область,31
2020-04-11,Нижегородская область,152
2020-04-11,Республика Саха (Якутия),19
2020-04-11,Курская область,42
2020-04-11,Удмуртская Республика,11
2020-04-11,Псковская область,16
2020-04-11,Республика Калмыкия,32
2020-04-11,Воронежская область,37
2020-04-11,Чеченская Республика,30
2020-04-11,Республика Ингушетия,29
2020-04-11,Республика Крым,29
2020-04-11,Ярославская область,13
2020-04-11,Костромская область,15
2020-04-11,Ленинградская область,134
2020-04-11,Приморский край,23
2020-04-11,Калужская область,24
2020-04-11,Оренбургская область,25
2020-04-11,Пермский край,45
2020-04-11,Сахалинская область,11
2020-04-11,Красноярский край,60
2020-04-11,Архангельская область,24
2020-04-11,Республика Адыгея,20
2020-04-11,Ивановская область,62
2020-04-12,Республика Мордовия,42
2020-04-12,Белгородская область,31
2020-04-12,Республика Дагестан,84
2020-04-12,Республика Тыва,6
2020-04-12,Владимирская область,71
2020-04-12,Амурская область,17
2020-04-12,Республика Саха (Якутия),22
2020-04-12,Республика Бурятия,73
2020-04-12,Ставропольский край,74
2020-04-12,Карачаево-Черкесская Республика,11
2020-04-12,Иркутская область,28
2020-04-12,Томская область,4
2020-04-12,Липецкая область,63
2020-04-12,Хабаровский край,29
2020-04-12,Республика Коми,208
2020-04-12,Нижегородская область,194
2020-04-12,Краснодарский край,169
2020-04-12,Орловская область,29
2020-04-12,Тверская область,31
2020-04-12,Вологодская область,42
2020-04-12,Курганская область,4
2020-04-12,Смоленская область,17
2020-04-12,Ярославская область,27
2020-04-12,Еврейская автономная область,8
2020-04-12,Москва,10158
2020-04-12,Алтайский край,29
2020-04-12,Ленинградская область,139
2020-04-12,Костромская область,18
2020-04-12,Псковская область,16
2020-04-12,Республика Калмыкия,32
2020-04-12,Курская область,43
2020-04-12,Республика Ингушетия,29
2020-04-12,Чеченская Республика,47
2020-04-12,Воронежская область,49
2020-04-12,Республика Крым,31
2020-04-12,Удмуртская Республика,13
2020-04-12,Омская область,19
2020-04-12,Архангельская область,24
2020-04-12,Сахалинская область,11
2020-04-12,Оренбургская область,25
2020-04-12,Республика Адыгея,20
2020-04-12,Республика Башкортостан,84
2020-04-12,Ивановская область,80
2020-04-12,Приморский край,24
2020-04-12,Красноярский край,85
2020-04-12,Калужская область,24
2020-04-12,Ханты-Мансийский автономный округ - Югра,41
2020-04-12,Новгородская область,18
2020-04-12,Саратовская область,42
2020-04-12,Республика Хакасия,12
2020-04-12,Забайкальский край,8
2020-04-12,Калининградская область,70
2020-04-12,Чувашская Республика,50
2020-04-12,Брянская область,141
2020-04-12,Республика Татарстан,73
2020-04-12,Новосибирская область,28
2020-04-12,Московская область,1360
2020-04-12,Кемеровская область (Кузбасс),12
2020-04-12,Рязанская область,71
2020-04-12,Республика Северная Осетия — Алания,34
2020-04-12,Севастополь,6
2020-04-12,Астраханская область,29
2020-04-12,Самарская область,24
2020-04-12,Кабардино-Балкарская Республика,35
2020-04-12,Республика Карелия,2
2020-04-12,Тюменская область,39
2020-04-12,Магаданская область,1
2020-04-12,Ненецкий автономный округ,0
2020-04-12,Ростовская область,52
2020-04-12,Чукотский автономный округ,0
2020-04-12,Республика Марий Эл,70
2020-04-12,Камчатский край,10
2020-04-12,Ямало-Ненецкий автономный округ,62
2020-04-12,Волгоградская область,38
2020-04-12,Тамбовская область,48
2020-04-12,Челябинская область,40
2020-04-12,Республика Алтай,0
2020-04-12,Ульяновская область,70
2020-04-12,Пермский край,60
2020-04-12,Санкт-Петербург,557
2020-04-12,Свердловская область,78
2020-04-12,Кировская область,36
2020-04-12,Пензенская область,67
2020-04-12,Тульская область,74
2020-04-12,Мурманская область,128
2020-04-13,Владимирская область,84
2020-04-13,Иркутская область,35
2020-04-13,Республика Бурятия,77
2020-04-13,Республика Дагестан,84
2020-04-13,Белгородская область,31
2020-04-13,Республика Мордовия,58
2020-04-13,Калининградская область,74
2020-04-13,Амурская область,6
2020-04-13,Республика Тыва,6
2020-04-13,Ставропольский край,86
2020-04-13,Курганская область,4
2020-04-13,Смоленская область,21
2020-04-13,Нижегородская область,224
2020-04-13,Краснодарский край,210
2020-04-13,Орловская область,34
2020-04-13,Тверская область,75
2020-04-13,Ханты-Мансийский автономный округ - Югра,41
2020-04-13,Республика Коми,208
2020-04-13,Вологодская область,43
2020-04-13,Кемеровская область (Кузбасс),14
2020-04-13,Томская область,8
2020-04-13,Хабаровский край,54
2020-04-13,Липецкая область,69
2020-04-13,Алтайский край,31
2020-04-13,Воронежская область,60
2020-04-13,Чеченская Республика,49
2020-04-13,Чукотский автономный округ,0
2020-04-13,Республика Ингушетия,34
2020-04-13,Республика Калмыкия,32
2020-04-13,Костромская область,18
2020-04-13,Ленинградская область,155
2020-04-13,Ненецкий автономный округ,0
2020-04-13,Республика Крым,32
2020-04-13,Ярославская область,27
2020-04-13,Курская область,58
2020-04-13,Ямало-Ненецкий автономный округ,66
2020-04-13,Удмуртская Республика,13
2020-04-13,Псковская область,21
2020-04-13,Омская область,20
2020-04-13,Приморский край,28
2020-04-13,Сахалинская область,11
2020-04-13,Красноярский край,110
2020-04-13,Оренбургская область,45
2020-04-13,Калужская область,34
2020-04-13,Республика Адыгея,20
2020-04-13,Ивановская область,86
2020-04-13,Архангельская область,31
2020-04-13,Карачаево-Черкесская Республика,13
2020-04-13,Саратовская область,44
2020-04-13,Новгородская область,26
2020-04-13,Брянская область,142
2020-04-13,Забайкальский край,14
2020-04-13,Республика Хакасия,12
2020-04-13,Чувашская Республика,65
2020-04-13,Республика Саха (Якутия),25
2020-04-13,Республика Карелия,3
2020-04-13,Тюменская область,53
2020-04-13,Самарская область,29
2020-04-13,Севастополь,6
2020-04-13,Новосибирская область,36
2020-04-13,Республика Татарстан,84
2020-04-13,Рязанская область,89
2020-04-13,Астраханская область,30
2020-04-13,Московская область,1855
2020-04-13,Волгоградская область,44
2020-04-13,Республика Марий Эл,80
2020-04-13,Республика Северная Осетия — Алания,34
2020-04-13,Москва,11513
2020-04-13,Тамбовская область,48
2020-04-13,Магаданская область,2
2020-04-13,Кабардино-Балкарская Республика,50
2020-04-13,Камчатский край,10
2020-04-13,Ростовская область,78
2020-04-13,Еврейская автономная область,9
2020-04-13,Мурманская область,128
2020-04-13,Тульская область,85
2020-04-13,Ульяновская область,86
2020-04-13,Кировская область,51
2020-04-13,Пензенская область,84
2020-04-13,Санкт-Петербург,678
2020-04-13,Пермский край,60
2020-04-13,Челябинская область,43
2020-04-13,Свердловская область,85
2020-04-13,Республика Алтай,0
2020-04-13,Республика Башкортостан,107
2020-04-14,Смоленская область,55
2020-04-14,Чукотский автономный округ,0
2020-04-14,Курганская область,4
2020-04-14,Магаданская область,3
2020-04-14,Республика Марий Эл,91
2020-04-14,Тверская область,75
2020-04-14,Краснодарский край,215
2020-04-14,Орловская область,41
2020-04-14,Волгоградская область,46
2020-04-14,Ненецкий автономный округ,0
2020-04-14,Хабаровский край,54
2020-04-14,Липецкая область,74
2020-04-14,Томская область,15
2020-04-14,Республика Коми,305
2020-04-14,Республика Бурятия,86
2020-04-14,Иркутская область,39
2020-04-14,Челябинская область,48
2020-04-14,Ульяновская область,86
2020-04-14,Республика Тыва,6
2020-04-14,Свердловская область,93
2020-04-14,Амурская область,6
2020-04-14,Калужская область,49
2020-04-14,Красноярский край,131
2020-04-14,Москва,13002
2020-04-14,Приморский край,32
2020-04-14,Новгородская область,26
2020-04-14,Ивановская область,96
2020-04-14,Алтайский край,36
2020-04-14,Республика Адыгея,27
2020-04-14,Саратовская область,49
2020-04-14,Калининградская область,79
2020-04-14,Омская область,20
2020-04-14,Чувашская Республика,65
2020-04-14,Кабардино-Балкарская Республика,50
2020-04-14,Новосибирская область,36
2020-04-14,Республика Татарстан,107
2020-04-14,Республика Крым,32
2020-04-14,Курская область,58
2020-04-14,Астраханская область,30
2020-04-14,Еврейская автономная область,9
2020-04-14,Республика Северная Осетия — Алания,52
2020-04-14,Псковская область,21
2020-04-14,Самарская область,40
2020-04-14,Костромская область,18
2020-04-14,Ленинградская область,190
2020-04-14,Тюменская область,67
2020-04-14,Республика Карелия,3
2020-04-14,Ярославская область,27
2020-04-14,Республика Ингушетия,34
2020-04-14,Воронежская область,68
2020-04-14,Чеченская Республика,64
2020-04-14,Республика Калмыкия,32
2020-04-14,Рязанская область,116
2020-04-14,Удмуртская Республика,19
2020-04-14,Кемеровская область (Кузбасс),14
2020-04-14,Московская область,2315
2020-04-14,Брянская область,142
2020-04-14,Архангельская область,32
2020-04-14,Севастополь,7
2020-04-14,Забайкальский край,14
2020-04-14,Сахалинская область,11
2020-04-14,Оренбургская область,53
2020-04-14,Республика Хакасия,20
2020-04-14,Республика Башкортостан,129
2020-04-14,Карачаево-Черкесская Республика,16
2020-04-14,Тульская область,85
2020-04-14,Республика Мордовия,71
2020-04-14,Республика Дагестан,100
2020-04-14,Белгородская область,41
2020-04-14,Мурманская область,128
2020-04-14,Владимирская область,100
2020-04-14,Санкт-Петербург,799
2020-04-14,Пензенская область,84
2020-04-14,Кировская область,51
2020-04-14,Республика Саха (Якутия),26
2020-04-14,Республика Алтай,0
2020-04-14,Ставропольский край,95
2020-04-14,Ханты-Мансийский автономный округ - Югра,56
2020-04-14,Пермский край,87
2020-04-14,Нижегородская область,292
2020-04-14,Тамбовская область,83
2020-04-14,Вологодская область,50
2020-04-14,Камчатский край,10
2020-04-14,Ямало-Ненецкий автономный округ,66
2020-04-14,Ростовская область,98
2020-04-15,Республика Коми,402
2020-04-15,Липецкая область,85
2020-04-15,Волгоградская область,47
2020-04-15,Хабаровский край,77
2020-04-15,Томская область,15
2020-04-15,Республика Марий Эл,118
2020-04-15,Магаданская область,3
2020-04-15,Кемеровская область (Кузбасс),15
2020-04-15,Кабардино-Балкарская Республика,50
2020-04-15,Тверская область,117
2020-04-15,Краснодарский край,239
2020-04-15,Орловская область,41
2020-04-15,Республика Северная Осетия — Алания,52
2020-04-15,Смоленская область,106
2020-04-15,Курганская область,10
2020-04-15,Ульяновская область,104
2020-04-15,Амурская область,6
2020-04-15,Челябинская область,51
2020-04-15,Республика Тыва,6
2020-04-15,Республика Башкортостан,149
2020-04-15,Иркутская область,39
2020-04-15,Свердловская область,105
2020-04-15,Республика Бурятия,92
2020-04-15,Саратовская область,56
2020-04-15,Новгородская область,26
2020-04-15,Алтайский край,39
2020-04-15,Чувашская Республика,78
2020-04-15,Ивановская область,121
2020-04-15,Республика Саха (Якутия),33
2020-04-15,Республика Адыгея,27
2020-04-15,Омская область,22
2020-04-15,Калужская область,74
2020-04-15,Красноярский край,142
2020-04-15,Приморский край,36
2020-04-15,Псковская область,27
2020-04-15,Ямало-Ненецкий автономный округ,73
2020-04-15,Республика Татарстан,107
2020-04-15,Новосибирская область,53
2020-04-15,Курская область,89
2020-04-15,Республика Крым,34
2020-04-15,Астраханская область,47
2020-04-15,Московская область,2587
2020-04-15,Республика Калмыкия,35
2020-04-15,Ненецкий автономный округ,1
2020-04-15,Чеченская Республика,105
2020-04-15,Воронежская область,75
2020-04-15,Республика Ингушетия,90
2020-04-15,Чукотский автономный округ,1
2020-04-15,Ярославская область,39
2020-04-15,Ленинградская область,298
2020-04-15,Рязанская область,116
2020-04-15,Костромская область,27
2020-04-15,Тюменская область,85
2020-04-15,Республика Карелия,7
2020-04-15,Удмуртская Республика,27
2020-04-15,Самарская область,40
2020-04-15,Сахалинская область,12
2020-04-15,Оренбургская область,54
2020-04-15,Севастополь,8
2020-04-15,Республика Хакасия,26
2020-04-15,Архангельская область,32
2020-04-15,Карачаево-Черкесская Республика,23
2020-04-15,Ханты-Мансийский автономный округ - Югра,71
2020-04-15,Забайкальский край,14
2020-04-15,Брянская область,164
2020-04-15,Республика Алтай,0
2020-04-15,Москва,14776
2020-04-15,Владимирская область,145
2020-04-15,Белгородская область,45
2020-04-15,Республика Дагестан,105
2020-04-15,Республика Мордовия,71
2020-04-15,Пензенская область,100
2020-04-15,Кировская область,64
2020-04-15,Ставропольский край,115
2020-04-15,Санкт-Петербург,929
2020-04-15,Калининградская область,84
2020-04-15,Мурманская область,265
2020-04-15,Тульская область,130
2020-04-15,Ростовская область,104
2020-04-15,Пермский край,114
2020-04-15,Камчатский край,10
2020-04-15,Нижегородская область,339
2020-04-15,Еврейская автономная область,9
2020-04-15,Тамбовская область,83
2020-04-15,Вологодская область,52
2020-04-16,Воронежская область,89
2020-04-16,Чеченская Республика,108
2020-04-16,Кабардино-Балкарская Республика,69
2020-04-16,Республика Ингушетия,153
2020-04-16,Республика Калмыкия,36
2020-04-16,Костромская область,38
2020-04-16,Ленинградская область,330
2020-04-16,Ярославская область,62
2020-04-16,Республика Северная Осетия — Алания,52
2020-04-16,Приморский край,40
2020-04-16,Калужская область,102
2020-04-16,Красноярский край,202
2020-04-16,Удмуртская Республика,42
2020-04-16,Республика Адыгея,43
2020-04-16,Калининградская область,92
2020-04-16,Ивановская область,136
2020-04-16,Омская область,23
2020-04-16,Курская область,120
2020-04-16,Сахалинская область,12
2020-04-16,Оренбургская область,82
2020-04-16,Псковская область,32
2020-04-16,Архангельская область,33
2020-04-16,Алтайский край,48
2020-04-16,Республика Крым,37
2020-04-16,Владимирская область,159
2020-04-16,Ненецкий автономный округ,1
2020-04-16,Ханты-Мансийский автономный округ - Югра,110
2020-04-16,Республика Коми,441
2020-04-16,Чукотский автономный округ,1
2020-04-16,Республика Дагестан,154
2020-04-16,Томская область,21
2020-04-16,Белгородская область,58
2020-04-16,Хабаровский край,91
2020-04-16,Липецкая область,96
2020-04-16,Республика Мордовия,71
2020-04-16,Курганская область,11
2020-04-16,Ставропольский край,143
2020-04-16,Смоленская область,132
2020-04-16,Краснодарский край,260
2020-04-16,Орловская область,73
2020-04-16,Тверская область,151
2020-04-16,Амурская область,9
2020-04-16,Республика Тыва,8
2020-04-16,Москва,16146
2020-04-16,Нижегородская область,404
2020-04-16,Иркутская область,45
2020-04-16,Республика Бурятия,100
2020-04-16,Вологодская область,67
2020-04-16,Еврейская автономная область,10
2020-04-16,Волгоградская область,58
2020-04-16,Республика Марий Эл,147
2020-04-16,Республика Алтай,0
2020-04-16,Магаданская область,18
2020-04-16,Мурманская область,306
2020-04-16,Республика Саха (Якутия),35
2020-04-16,Пермский край,132
2020-04-16,Тульская область,174
2020-04-16,Кемеровская область (Кузбасс),18
2020-04-16,Пензенская область,107
2020-04-16,Кировская область,73
2020-04-16,Санкт-Петербург,1083
2020-04-16,Карачаево-Черкесская Республика,30
2020-04-16,Камчатский край,21
2020-04-16,Ульяновская область,123
2020-04-16,Ростовская область,145
2020-04-16,Челябинская область,53
2020-04-16,Свердловская область,111
2020-04-16,Тамбовская область,133
2020-04-16,Саратовская область,70
2020-04-16,Новгородская область,53
2020-04-16,Рязанская область,154
2020-04-16,Московская область,3054
2020-04-16,Тюменская область,112
2020-04-16,Республика Карелия,8
2020-04-16,Чувашская Республика,125
2020-04-16,Самарская область,50
2020-04-16,Севастополь,8
2020-04-16,Республика Хакасия,27
2020-04-16,Республика Татарстан,128
2020-04-16,Новосибирская область,64
2020-04-16,Ямало-Ненецкий автономный округ,95
2020-04-16,Брянская область,201
2020-04-16,Республика Башкортостан,191
2020-04-16,Астраханская область,60
2020-04-16,Забайкальский край,28
2020-04-17,Ярославская область,81
2020-04-17,Кемеровская область (Кузбасс),22
2020-04-17,Республика Адыгея,79
2020-04-17,Ленинградская область,354
2020-04-17,Ивановская область,149
2020-04-17,Костромская область,47
2020-04-17,Ханты-Мансийский автономный округ - Югра,128
2020-04-17,Приморский край,49
2020-04-17,Республика Калмыкия,53
2020-04-17,Калужская область,122
2020-04-17,Красноярский край,231
2020-04-17,Республика Ингушетия,191
2020-04-17,Чеченская Республика,115
2020-04-17,Воронежская область,108
2020-04-17,Удмуртская Республика,58
2020-04-17,Республика Саха (Якутия),38
2020-04-17,Архангельская область,34
2020-04-17,Республика Крым,40
2020-04-17,Омская область,26
2020-04-17,Сахалинская область,19
2020-04-17,Оренбургская область,120
2020-04-17,Псковская область,37
2020-04-17,Курская область,145
2020-04-17,Алтайский край,53
2020-04-17,Республика Мордовия,136
2020-04-17,Краснодарский край,290
2020-04-17,Орловская область,85
2020-04-17,Белгородская область,70
2020-04-17,Тверская область,188
2020-04-17,Республика Дагестан,213
2020-04-17,Курганская область,12
2020-04-17,Смоленская область,139
2020-04-17,Владимирская область,183
2020-04-17,Томская область,21
2020-04-17,Липецкая область,108
2020-04-17,Хабаровский край,109
2020-04-17,Республика Коми,455
2020-04-17,Ставропольский край,155
2020-04-17,Нижегородская область,458
2020-04-17,Республика Бурятия,103
2020-04-17,Ямало-Ненецкий автономный округ,101
2020-04-17,Кабардино-Балкарская Республика,92
2020-04-17,Иркутская область,47
2020-04-17,Вологодская область,77
2020-04-17,Республика Тыва,9
2020-04-17,Республика Северная Осетия — Алания,65
2020-04-17,Амурская область,11
2020-04-17,Республика Башкортостан,213
2020-04-17,Магаданская область,18
2020-04-17,Санкт-Петербург,1507
2020-04-17,Пензенская область,119
2020-04-17,Кировская область,91
2020-04-17,Тульская область,199
2020-04-17,Республика Марий Эл,179
2020-04-17,Мурманская область,314
2020-04-17,Волгоградская область,62
2020-04-17,Калининградская область,104
2020-04-17,Пермский край,144
2020-04-17,Республика Алтай,1
2020-04-17,Челябинская область,57
2020-04-17,Тамбовская область,133
2020-04-17,Ульяновская область,138
2020-04-17,Свердловская область,115
2020-04-17,Ростовская область,168
2020-04-17,Камчатский край,29
2020-04-17,Чукотский автономный округ,2
2020-04-17,Самарская область,63
2020-04-17,Новгородская область,74
2020-04-17,Саратовская область,87
2020-04-17,Тюменская область,146
2020-04-17,Ненецкий автономный округ,1
2020-04-17,Республика Карелия,9
2020-04-17,Карачаево-Черкесская Республика,49
2020-04-17,Севастополь,12
2020-04-17,Московская область,3526
2020-04-17,Чувашская Республика,137
2020-04-17,Рязанская область,184
2020-04-17,Новосибирская область,76
2020-04-17,Республика Татарстан,144
2020-04-17,Еврейская автономная область,16
2020-04-17,Забайкальский край,30
2020-04-17,Москва,18105
2020-04-17,Брянская область,228
2020-04-17,Астраханская область,64
2020-04-17,Республика Хакасия,38
2020-04-18,Саратовская область,98
2020-04-18,Новгородская область,80
2020-04-18,Республика Крым,43
2020-04-18,Чувашская Республика,164
2020-04-18,Псковская область,42
2020-04-18,Курская область,170
2020-04-18,Ивановская область,164
2020-04-18,Республика Адыгея,84
2020-04-18,Омская область,31
2020-04-18,Республика Татарстан,160
2020-04-18,Новосибирская область,86
2020-04-18,Красноярский край,276
2020-04-18,Калужская область,151
2020-04-18,Приморский край,67
2020-04-18,Алтайский край,63
2020-04-18,Астраханская область,99
2020-04-18,Республика Башкортостан,252
2020-04-18,Волгоградская область,79
2020-04-18,Республика Марий Эл,219
2020-04-18,Иркутская область,54
2020-04-18,Магаданская область,62
2020-04-18,Еврейская автономная область,19
2020-04-18,Республика Бурятия,112
2020-04-18,Республика Саха (Якутия),47
2020-04-18,Амурская область,14
2020-04-18,Республика Тыва,9
2020-04-18,Ульяновская область,157
2020-04-18,Москва,20754
2020-04-18,Тверская область,237
2020-04-18,Краснодарский край,335
2020-04-18,Орловская область,119
2020-04-18,Челябинская область,61
2020-04-18,Смоленская область,152
2020-04-18,Курганская область,13
2020-04-18,Республика Коми,474
2020-04-18,Липецкая область,129
2020-04-18,Хабаровский край,147
2020-04-18,Томская область,24
2020-04-18,Свердловская область,126
2020-04-18,Карачаево-Черкесская Республика,50
2020-04-18,Тамбовская область,165
2020-04-18,Чукотский автономный округ,2
2020-04-18,Владимирская область,198
2020-04-18,Белгородская область,81
2020-04-18,Республика Дагестан,257
2020-04-18,Республика Мордовия,198
2020-04-18,Ненецкий автономный округ,1
2020-04-18,Ставропольский край,209
2020-04-18,Ростовская область,197
2020-04-18,Камчатский край,29
2020-04-18,Пермский край,170
2020-04-18,Кировская область,111
2020-04-18,Пензенская область,140
2020-04-18,Санкт-Петербург,1646
2020-04-18,Мурманская область,321
2020-04-18,Кемеровская область (Кузбасс),26
2020-04-18,Нижегородская область,517
2020-04-18,Тульская область,229
2020-04-18,Республика Алтай,2
2020-04-18,Вологодская область,86
2020-04-18,Ямало-Ненецкий автономный округ,106
2020-04-18,Республика Калмыкия,67
2020-04-18,Забайкальский край,33
2020-04-18,Чеченская Республика,175
2020-04-18,Воронежская область,130
2020-04-18,Республика Ингушетия,227
2020-04-18,Республика Северная Осетия — Алания,94
2020-04-18,Ярославская область,105
2020-04-18,Брянская область,256
2020-04-18,Ленинградская область,388
2020-04-18,Костромская область,53
2020-04-18,Калининградская область,115
2020-04-18,Республика Хакасия,46
2020-04-18,Ханты-Мансийский автономный округ - Югра,161
2020-04-18,Удмуртская Республика,62
2020-04-18,Севастополь,12
2020-04-18,Кабардино-Балкарская Республика,114
2020-04-18,Сахалинская область,19
2020-04-18,Оренбургская область,140
2020-04-18,Республика Карелия,15
2020-04-18,Тюменская область,185
2020-04-18,Архангельская область,39
2020-04-18,Самарская область,64
2020-04-18,Московская область,3954
2020-04-18,Рязанская область,225
2020-04-19,Курская область,196
2020-04-19,Ненецкий автономный округ,1
2020-04-19,Чукотский автономный округ,2
2020-04-19,Новгородская область,98
2020-04-19,Псковская область,44
2020-04-19,Саратовская область,114
2020-04-19,Карачаево-Черкесская Республика,67
2020-04-19,Республика Крым,45
2020-04-19,Чувашская Республика,193
2020-04-19,Республика Татарстан,191
2020-04-19,Новосибирская область,108
2020-04-19,Омская область,33
2020-04-19,Красноярский край,300
2020-04-19,Алтайский край,72
2020-04-19,Калужская область,188
2020-04-19,Приморский край,80
2020-04-19,Астраханская область,123
2020-04-19,Кемеровская область (Кузбасс),35
2020-04-19,Ивановская область,183
2020-04-19,Республика Адыгея,91
2020-04-19,Республика Тыва,13
2020-04-19,Амурская область,16
2020-04-19,Магаданская область,63
2020-04-19,Республика Марий Эл,262
2020-04-19,Волгоградская область,93
2020-04-19,Республика Бурятия,115
2020-04-19,Иркутская область,55
2020-04-19,Ямало-Ненецкий автономный округ,116
2020-04-19,Калининградская область,126
2020-04-19,Челябинская область,68
2020-04-19,Хабаровский край,185
2020-04-19,Липецкая область,149
2020-04-19,Томская область,29
2020-04-19,Ульяновская область,168
2020-04-19,Республика Коми,481
2020-04-19,Смоленская область,173
2020-04-19,Курганская область,13
2020-04-19,Свердловская область,141
2020-04-19,Тверская область,270
2020-04-19,Краснодарский край,383
2020-04-19,Орловская область,132
2020-04-19,Камчатский край,34
2020-04-19,Республика Мордовия,258
2020-04-19,Республика Дагестан,292
2020-04-19,Белгородская область,90
2020-04-19,Владимирская область,225
2020-04-19,Ростовская область,232
2020-04-19,Ханты-Мансийский автономный округ - Югра,175
2020-04-19,Тамбовская область,187
2020-04-19,Пермский край,198
2020-04-19,Ставропольский край,232
2020-04-19,Нижегородская область,646
2020-04-19,Республика Северная Осетия — Алания,120
2020-04-19,Республика Алтай,2
2020-04-19,Кабардино-Балкарская Республика,136
2020-04-19,Тульская область,287
2020-04-19,Вологодская область,93
2020-04-19,Мурманская область,354
2020-04-19,Республика Башкортостан,252
2020-04-19,Санкт-Петербург,1760
2020-04-19,Кировская область,150
2020-04-19,Пензенская область,140
2020-04-19,Костромская область,66
2020-04-19,Ленинградская область,417
2020-04-19,Республика Хакасия,68
2020-04-19,Ярославская область,117
2020-04-19,Республика Ингушетия,269
2020-04-19,Воронежская область,156
2020-04-19,Чеченская Республика,219
2020-04-19,Республика Калмыкия,74
2020-04-19,Брянская область,279
2020-04-19,Республика Саха (Якутия),88
2020-04-19,Удмуртская Республика,66
2020-04-19,Еврейская автономная область,20
2020-04-19,Севастополь,13
2020-04-19,Забайкальский край,34
2020-04-19,Москва,24324
2020-04-19,Рязанская область,267
2020-04-19,Архангельская область,107
2020-04-19,Сахалинская область,19
2020-04-19,Оренбургская область,184
2020-04-19,Московская область,4663
2020-04-19,Самарская область,79
2020-04-19,Республика Карелия,19
2020-04-19,Тюменская область,227
2020-04-20,Республика Саха (Якутия),107
2020-04-20,Ставропольский край,244
2020-04-20,Ростовская область,292
2020-04-20,Камчатский край,41
2020-04-20,Владимирская область,259
2020-04-20,Тамбовская область,209
2020-04-20,Карачаево-Черкесская Республика,87
2020-04-20,Белгородская область,112
2020-04-20,Еврейская автономная область,22
2020-04-20,Республика Дагестан,331
2020-04-20,Республика Мордовия,293
2020-04-20,Республика Алтай,4
2020-04-20,Вологодская область,100
2020-04-20,Алтайский край,84
2020-04-20,Санкт-Петербург,1846
2020-04-20,Пензенская область,165
2020-04-20,Кировская область,169
2020-04-20,Омская область,36
2020-04-20,Нижегородская область,759
2020-04-20,Тульская область,309
2020-04-20,Мурманская область,400
2020-04-20,Удмуртская Республика,92
2020-04-20,Республика Хакасия,76
2020-04-20,Забайкальский край,43
2020-04-20,Чеченская Республика,264
2020-04-20,Воронежская область,180
2020-04-20,Республика Ингушетия,308
2020-04-20,Республика Калмыкия,77
2020-04-20,Ленинградская область,454
2020-04-20,Брянская область,321
2020-04-20,Костромская область,70
2020-04-20,Ярославская область,144
2020-04-20,Республика Башкортостан,297
2020-04-20,Московская область,5241
2020-04-20,Рязанская область,289
2020-04-20,Оренбургская область,184
2020-04-20,Сахалинская область,19
2020-04-20,Ханты-Мансийский автономный округ - Югра,188
2020-04-20,Самарская область,95
2020-04-20,Тюменская область,254
2020-04-20,Республика Карелия,27
2020-04-20,Архангельская область,114
2020-04-20,Псковская область,52
2020-04-20,Чувашская Республика,225
2020-04-20,Пермский край,215
2020-04-20,Курская область,220
2020-04-20,Калининградская область,138
2020-04-20,Республика Крым,45
2020-04-20,Саратовская область,142
2020-04-20,Ямало-Ненецкий автономный округ,140
2020-04-20,Новгородская область,108
2020-04-20,Астраханская область,136
2020-04-20,Республика Северная Осетия — Алания,145
2020-04-20,Москва,26350
2020-04-20,Ивановская область,203
2020-04-20,Республика Адыгея,100
2020-04-20,Калужская область,228
2020-04-20,Красноярский край,306
2020-04-20,Кабардино-Балкарская Республика,152
2020-04-20,Приморский край,97
2020-04-20,Республика Татарстан,230
2020-04-20,Новосибирская область,132
2020-04-20,Севастополь,17
2020-04-20,Республика Тыва,13
2020-04-20,Амурская область,20
2020-04-20,Волгоградская область,111
2020-04-20,Республика Марий Эл,291
2020-04-20,Ненецкий автономный округ,1
2020-04-20,Чукотский автономный округ,2
2020-04-20,Республика Бурятия,115
2020-04-20,Иркутская область,65
2020-04-20,Магаданская область,63
2020-04-20,Хабаровский край,215
2020-04-20,Липецкая область,169
2020-04-20,Томская область,33
2020-04-20,Республика Коми,491
2020-04-20,Свердловская область,149
2020-04-20,Тверская область,296
2020-04-20,Краснодарский край,417
2020-04-20,Орловская область,175
2020-04-20,Ульяновская область,187
2020-04-20,Смоленская область,189
2020-04-20,Курганская область,13
2020-04-20,Кемеровская область (Кузбасс),41
2020-04-20,Челябинская область,78
2020-04-21,Калининградская область,144
2020-04-21,Тамбовская область,222
2020-04-21,Ставропольский край,266
2020-04-21,Ямало-Ненецкий автономный округ,146
2020-04-21,Камчатский край,48
2020-04-21,Республика Мордовия,327
2020-04-21,Республика Дагестан,371
2020-04-21,Белгородская область,122
2020-04-21,Ростовская область,346
2020-04-21,Владимирская область,280
2020-04-21,Мурманская область,435
2020-04-21,Тульская область,384
2020-04-21,Вологодская область,107
2020-04-21,Пензенская область,180
2020-04-21,Кировская область,188
2020-04-21,Алтайский край,127
2020-04-21,Санкт-Петербург,1973
2020-04-21,Омская область,41
2020-04-21,Ханты-Мансийский автономный округ - Югра,197
2020-04-21,Нижегородская область,860
2020-04-21,Москва,29433
2020-04-21,Республика Алтай,8
2020-04-21,Брянская область,350
2020-04-21,Удмуртская Республика,118
2020-04-21,Забайкальский край,50
2020-04-21,Чукотский автономный округ,2
2020-04-21,Ярославская область,187
2020-04-21,Республика Хакасия,84
2020-04-21,Костромская область,81
2020-04-21,Ленинградская область,496
2020-04-21,Республика Калмыкия,77
2020-04-21,Республика Ингушетия,354
2020-04-21,Ненецкий автономный округ,1
2020-04-21,Воронежская область,211
2020-04-21,Чеченская Республика,303
2020-04-21,Тюменская область,290
2020-04-21,Республика Карелия,30
2020-04-21,Кемеровская область (Кузбасс),47
2020-04-21,Самарская область,103
2020-04-21,Архангельская область,118
2020-04-21,Рязанская область,316
2020-04-21,Карачаево-Черкесская Республика,106
2020-04-21,Оренбургская область,226
2020-04-21,Сахалинская область,19
2020-04-21,Московская область,5959
2020-04-21,Пермский край,237
2020-04-21,Еврейская автономная область,43
2020-04-21,Чувашская Республика,235
2020-04-21,Республика Саха (Якутия),111
2020-04-21,Республика Крым,46
2020-04-21,Курская область,242
2020-04-21,Новгородская область,114
2020-04-21,Псковская область,58
2020-04-21,Саратовская область,168
2020-04-21,Калужская область,258
2020-04-21,Красноярский край,370
2020-04-21,Приморский край,104
2020-04-21,Астраханская область,137
2020-04-21,Ивановская область,213
2020-04-21,Республика Адыгея,108
2020-04-21,Новосибирская область,135
2020-04-21,Республика Татарстан,280
2020-04-21,Иркутская область,68
2020-04-21,Республика Северная Осетия — Алания,177
2020-04-21,Севастополь,18
2020-04-21,Республика Бурятия,125
2020-04-21,Амурская область,20
2020-04-21,Магаданская область,65
2020-04-21,Кабардино-Балкарская Республика,170
2020-04-21,Республика Тыва,13
2020-04-21,Республика Марий Эл,311
2020-04-21,Волгоградская область,134
2020-04-21,Смоленская область,208
2020-04-21,Свердловская область,233
2020-04-21,Курганская область,15
2020-04-21,Республика Башкортостан,371
2020-04-21,Тверская область,329
2020-04-21,Краснодарский край,461
2020-04-21,Орловская область,198
2020-04-21,Челябинская область,92
2020-04-21,Ульяновская область,187
2020-04-21,Республика Коми,507
2020-04-21,Липецкая область,189
2020-04-21,Хабаровский край,243
2020-04-21,Томская область,37
2020-04-22,Тульская область,436
2020-04-22,Мурманская область,506
2020-04-22,Санкт-Петербург,2267
2020-04-22,Кировская область,216
2020-04-22,Пензенская область,196
2020-04-22,Чукотский автономный округ,6
2020-04-22,Волгоградская область,145
2020-04-22,Республика Марий Эл,333
2020-04-22,Магаданская область,67
2020-04-22,Ненецкий автономный округ,1
2020-04-22,Республика Алтай,8
2020-04-22,Алтайский край,136
2020-04-22,Свердловская область,243
2020-04-22,Тамбовская область,240
2020-04-22,Еврейская автономная область,52
2020-04-22,Ульяновская область,196
2020-04-22,Камчатский край,63
2020-04-22,Челябинская область,102
2020-04-22,Омская область,45
2020-04-22,Ростовская область,398
2020-04-22,Калининградская область,163
2020-04-22,Самарская область,115
2020-04-22,Чувашская Республика,262
2020-04-22,Республика Карелия,30
2020-04-22,Тюменская область,319
2020-04-22,Саратовская область,190
2020-04-22,Новгородская область,140
2020-04-22,Рязанская область,392
2020-04-22,Московская область,6590
2020-04-22,Брянская область,399
2020-04-22,Кабардино-Балкарская Республика,193
2020-04-22,Забайкальский край,61
2020-04-22,Астраханская область,148
2020-04-22,Республика Северная Осетия — Алания,211
2020-04-22,Республика Хакасия,87
2020-04-22,Новосибирская область,151
2020-04-22,Республика Татарстан,355
2020-04-22,Приморский край,166
2020-04-22,Красноярский край,392
2020-04-22,Калужская область,330
2020-04-22,Удмуртская Республика,152
2020-04-22,Республика Адыгея,113
2020-04-22,Пермский край,266
2020-04-22,Ивановская область,225
2020-04-22,Республика Калмыкия,88
2020-04-22,Воронежская область,236
2020-04-22,Чеченская Республика,323
2020-04-22,Республика Ингушетия,397
2020-04-22,Ярославская область,198
2020-04-22,Костромская область,88
2020-04-22,Ленинградская область,537
2020-04-22,Ямало-Ненецкий автономный округ,149
2020-04-22,Республика Крым,46
2020-04-22,Республика Башкортостан,396
2020-04-22,Москва,31981
2020-04-22,Оренбургская область,254
2020-04-22,Сахалинская область,19
2020-04-22,Курская область,276
2020-04-22,Архангельская область,120
2020-04-22,Псковская область,62
2020-04-22,Курганская область,15
2020-04-22,Ставропольский край,277
2020-04-22,Смоленская область,244
2020-04-22,Карачаево-Черкесская Республика,145
2020-04-22,Краснодарский край,481
2020-04-22,Орловская область,238
2020-04-22,Севастополь,19
2020-04-22,Тверская область,356
2020-04-22,Республика Саха (Якутия),116
2020-04-22,Кемеровская область (Кузбасс),56
2020-04-22,Владимирская область,293
2020-04-22,Республика Дагестан,417
2020-04-22,Томская область,43
2020-04-22,Белгородская область,144
2020-04-22,Липецкая область,213
2020-04-22,Хабаровский край,272
2020-04-22,Республика Мордовия,357
2020-04-22,Республика Коми,527
2020-04-22,Республика Бурятия,153
2020-04-22,Ханты-Мансийский автономный округ - Югра,203
2020-04-22,Иркутская область,75
2020-04-22,Вологодская область,114
2020-04-22,Республика Тыва,13
2020-04-22,Амурская область,23
2020-04-22,Нижегородская область,929
